str(cost)+,+str(overCapacity)+,+str(Elapsed)+,+str(itt)+,+str(reset)+
3663,2.39479347765,1.62800002098,5862,138
3673,5.18696338611,0.799999952316,2838,119
3596,27.1565042838,1.65399980545,5992,152
3732,14.9176611339,1.125,4004,129
3728,38.79902819,1.7009999752,6070,147
3546,17.9220726956,1.07199978828,3854,133
3598,26.2334886156,1.01699995995,3649,139
3693,26.3260939628,0.970999956131,3670,124
3669,8.26230144603,1.68300008774,6310,132
3625,27.0216492535,1.57800006866,5823,134
3723,3.32637640939,1.68799996376,6161,129
3618,24.7255371269,0.808000087738,2945,145
3477,6.15437483611,1.367000103,4846,165
3827,16.2164856829,0.823000192642,3013,131
3679,0.252820971461,1.25900006294,4600,135
3660,26.2754767455,1.22399997711,4468,149
3702,16.748485047,1.43000006676,5060,158
3606,33.5277439544,1.18099999428,4238,140
3534,8.07355418881,1.38100004196,4771,166
3617,24.2083547708,1.22000002861,4401,145
3646,10.8350121138,1.8109998703,6351,148
3858,4.34075543757,1.01399993896,3658,114
3739,21.666140401,1.80099987984,6407,146
3788,36.4901654852,1.05499982834,3766,123
3522,11.089027519,1.05800008774,3791,144
3575,21.877386924,1.6970000267,6127,148
3819,25.3989113427,1.91100001335,7038,129
3654,3.69381919159,1.8069999218,6257,151
3470,2.09367304695,1.29399991035,4480,162
3576,20.359091097,1.71900010109,6108,143
3699,8.70640229426,1.41899991035,4922,142
3510,27.9566991183,1.28099989891,4480,148
3512,8.5476493419,1.63399982452,5907,153
3650,11.906545351,1.25200009346,4446,142
3593,24.8340714442,1.80799984932,6498,142
3597,25.6478851732,1.44199991226,5181,155
3443,20.6293981402,2.35100007057,8168,158
3589,9.18474403571,1.68499994278,5973,155
3755,13.9833194589,1.41900014877,5078,119
3644,21.1837981737,1.14200019836,4074,142
3536,19.4868993544,1.47399997711,5207,158
3740,13.1381199471,1.07999992371,3913,145
3737,26.8324319014,1.30999994278,4716,103
3590,21.6634275675,1.19499993324,4191,150
3604,22.8899037544,2.34799981117,8709,138
3960,172.215437505,1.70000004768,6588,119
3571,9.59996783597,1.48399996758,5178,158
3507,0.722899811886,1.51499986649,5222,157
3685,17.4787911534,1.41199994087,5249,142
3854,17.2816376923,0.942999839783,3473,135
3523,27.3299693393,1.87999987602,6755,159
3630,31.9720605102,1.46399998665,5458,143
3643,11.3187881065,2.13499999046,7995,162
3583,28.9464589983,1.08599996567,3953,145
3443,19.1313755068,2.06299996376,7368,173
3629,15.3078059778,1.02300000191,3747,167
3761,1.9611685951,2.10700011253,7517,151
3633,29.1253874102,1.20200014114,4246,142
3573,10.694957772,1.46600008011,5168,145
3737,40.5225101139,0.927000045776,3359,117
3594,32.8366158094,1.56900000572,5917,152
3568,15.6596863069,1.16599988937,4138,157
4429,52.8421785493,1.26099991798,4920,96
3659,5.93030118083,1.25900006294,4514,133
3523,1.51991814048,0.977999925613,3370,143
3774,33.9940311577,1.21099996567,4365,148
3704,13.745113274,0.829999923706,3152,101
3597,21.3219211582,1.20399999619,4450,131
3545,11.058103949,1.18700003624,4161,159
3642,25.9670224061,0.97200012207,3607,151
3567,9.03406805571,0.854000091553,3122,127
3497,8.35475071892,1.46000003815,5201,132
3628,6.03369960981,1.6930000782,6391,129
3792,12.2891287297,1.34599995613,4924,137
3551,16.5703793932,1.61199998856,5859,154
3749,31.2793559649,1.33799982071,4769,144
3607,3.01492304404,1.64400005341,5740,125
3617,14.6792244644,1.11400008202,4005,139
3825,39.2047338303,0.861999988556,3115,111
3527,25.0708610295,1.81700015068,6472,159
3589,17.6371042183,2.17600011826,7600,129
3607,24.4367009613,0.895000219345,3310,156
3688,26.5901341579,1.31399989128,4720,159
3563,3.57812409301,1.39899992943,4809,150
3726,30.6395904981,1.13599991798,4130,121
3575,1.74831144391,1.74599981308,6048,148
3598,24.9913895409,0.844999790192,2984,137
3768,20.5526242079,1.10400009155,4030,132
3608,38.3015492253,1.85000014305,7092,134
3790,5.52899111785,0.727999925613,2668,132
3644,17.3500348605,1.23000001907,4322,128
3617,3.52905247799,1.10699987411,3811,138
3734,17.2244515153,1.27899980545,4458,147
3567,15.2953942697,1.57399988174,5758,134
3666,15.0676418774,1.54100012779,5812,143
3588,7.84577989417,1.15600013733,4142,131
3549,27.9449362065,0.987999916077,3509,142
3732,35.4832330236,1.23000001907,4487,126
3646,3.52319771451,1.26399993896,4640,144
3826,8.7371475807,1.47799992561,5448,140
3536,38.4785803201,1.34200000763,4875,168
3630,28.8527311173,1.84899997711,6728,129
3641,21.417144614,1.78299999237,6205,148
3758,23.2696787149,1.36999988556,5040,160
3588,14.4013910075,1.25900006294,4582,143
3661,7.99272186604,1.3180000782,4836,127
3708,56.1134043539,1.37200021744,5136,130
3575,4.62293107238,1.84700012207,6522,140
3558,15.125315869,1.02900004387,3606,143
3720,11.1755895312,1.28600001335,4642,122
3604,17.4997375045,1.16700005531,4162,134
3535,12.7237140142,1.25400018692,4524,140
3719,12.4340331281,1.47000002861,5332,127
3620,13.8033068347,1.33500003815,4724,162
3567,9.40711379963,1.54800009727,5548,141
3655,31.7917988758,1.1970000267,4165,137
3581,28.6660892467,1.51799988747,5355,133
3547,22.3077904613,1.58599996567,5666,149
3472,14.3068371156,1.41700005531,5013,146
3617,22.2167617448,1.88800001144,6879,135
3657,19.5076568263,2.74699997902,10689,141
3710,34.8961717936,1.10199999809,4017,115
3657,37.5246730623,1.67899990082,5948,133
3636,33.0090794368,1.62599992752,6020,118
3710,32.0333425398,1.01999998093,3725,132
3557,4.86272959983,0.96799993515,3374,134
3752,21.3623209567,0.867000102997,3222,127
3525,2.6851832639,1.00499987602,3469,130
3770,13.9280746702,1.61100006104,5560,115
3791,39.3140469285,1.15199995041,4304,112
3620,8.00388851968,1.25600004196,4405,104
3569,26.6764937721,1.44799995422,5230,126
3642,7.31122584816,1.47699999809,5343,146
3639,33.3540202791,1.02800011635,3617,149
3576,8.16066434564,1.43600010872,5177,139
3749,13.5433246992,1.40600013733,5042,139
3675,23.4159593451,1.66199994087,5904,161
3532,13.5297425288,1.85800004005,6658,152
3839,12.5538243565,1.60699987411,5882,107
3705,4.46053142576,1.21300005913,4526,122
3527,8.83515813309,1.89899992943,6704,142
3538,18.5260836571,1.09800004959,4023,134
3583,11.6648675372,0.819000005722,2941,138
3621,19.7045729914,1.50999999046,5548,138
3700,0.426453646933,2.45000004768,9005,110
3616,13.1427751122,1.12599992752,4043,127
3517,2.41277505929,1.04399991035,3655,141
3693,16.6584754783,1.33599996567,4747,133
3502,19.4602426002,1.6400001049,5770,147
3670,2.52551287681,1.30100011826,4395,149
3570,15.0455603859,1.60100007057,5693,142
3563,23.2824867391,1.27800011635,4564,160
3463,30.9482914395,1.11999988556,3947,155
3643,6.30500781721,2.01099991798,6928,151
3572,26.143015527,1.85400009155,6738,163
3516,5.05959649546,1.86500000954,6384,146
3799,26.2019463579,1.37800002098,5185,130
3623,22.3423842245,1.12699985504,4062,153
3462,11.1493315644,1.21100020409,4193,159
3675,16.6474734974,1.1850001812,4195,147
3641,18.4909535465,1.70600008965,6060,149
3635,1.63287002988,1.37000012398,5081,137
3774,33.4622888558,1.1930000782,4308,125
3660,25.1740558234,1.54199981689,5646,141
3678,29.5758648693,1.59899997711,5653,161
3679,14.052507365,1.4319999218,4968,150
3521,26.5714551977,1.75800013542,6398,145
3581,10.5046711875,1.64999985695,5711,152
3586,18.5448010664,1.0759999752,3775,126
3527,20.2354609183,1.492000103,5285,156
3613,11.2603645465,1.17500019073,4304,138
3600,27.6158123179,1.10299992561,4008,151
3537,19.0684704366,2.03900003433,7334,135
3724,51.3049613623,1.45799994469,5409,137
3540,9.87540410793,1.26300001144,4487,150
3577,27.7553824023,1.78200006485,6413,148
3567,12.3669699682,1.75600004196,6251,136
3578,38.4175864748,1.00699996948,3615,141
3532,11.4333434387,1.26699995995,4529,137
3655,25.3698799729,1.26600003242,4695,133
3409,13.7616918401,1.24499988556,4401,148
3583,19.0250046532,1.6819999218,5891,144
3641,8.11737579809,1.55100011826,5533,148
3568,28.512293468,2.08400011063,7751,162
3748,27.3843611478,1.55200004578,5559,151
3573,22.1472286805,1.22499990463,4304,166
3603,26.8989362352,1.117000103,3911,135
3623,8.34397269516,1.33100008965,4769,124
3535,25.5909356916,1.47900009155,5317,157
3565,29.1583190489,1.54800009727,5635,134
3578,23.2619794792,1.40500020981,5007,147
3662,24.4115117587,1.4319999218,5216,147
3732,15.9122311785,1.10400009155,4119,143
3672,2.003374712,1.09800004959,3936,126
3641,32.580833837,1.40899991989,5171,128
3629,0.466050053878,1.58500003815,5442,127
3608,18.2136832417,0.84700012207,3099,139
3803,38.7344057233,0.773000001907,2925,114
3615,5.59609770125,1.48300004005,5229,140
3651,20.8500487195,1.89400005341,6929,130
3550,18.6537835678,1.28800010681,4508,155
3700,28.0018109797,1.97900009155,7063,150
3569,17.026551117,1.75100016594,6100,146
3639,23.8900424145,1.37199997902,5118,149
3546,32.5210906189,1.55900001526,5665,129
3512,11.0287578908,2.0070002079,7035,161
3606,11.8149029791,1.20499992371,4296,149
3636,19.8695220658,1.33899998665,4792,124
3712,0.602284316186,1.31900000572,4727,136
3471,3.20578236234,1.20300006866,4216,145
3912,259.324808541,1.76699995995,6734,104
3539,17.0110636632,1.46300005913,5156,168
3595,24.5790486324,1.42600011826,5242,133
3534,27.3442271488,1.51699995995,5432,160
3622,4.47094116136,1.32899999619,4784,142
3479,0.834429077156,1.492000103,5239,142
3663,25.9682287488,2.41600012779,8873,130
3562,26.9247779605,1.51800012589,5526,146
3634,16.2383635802,1.23099994659,4350,128
3601,4.71417018555,1.60800004005,5588,135
3632,5.47486085511,1.34500002861,4694,127
3928,64.4356060968,0.926999807358,3651,98
3700,23.5999025563,1.51200008392,5616,131
3621,26.1972854577,1.32399988174,4815,145
3627,15.9987527653,1.04799985886,3916,108
3545,26.2918530393,1.70399999619,6089,165
3799,12.1784710051,2.13899993896,7480,156
3512,23.9672370537,1.60800004005,5743,161
3671,3.775429916,1.04800009727,3658,142
3659,24.3927135373,1.05500006676,3778,124
3597,21.3543573833,1.06200003624,3748,133
3632,27.1177798239,1.22099995613,4249,142
3747,16.0480204804,1.51399993896,5324,131
3544,10.7749913693,1.73199987411,6103,148
3673,5.92436539592,0.922000169754,3239,145
3547,9.99033162158,1.33300018311,4558,167
3802,12.8431117955,0.884000062943,3112,118
3715,6.34444215673,1.49399995804,5197,132
3709,18.9795146043,1.08699989319,3921,120
3749,8.47088990907,0.952999830246,3473,129
3595,18.6513912104,1.30400013924,4589,150
3857,21.4493281193,1.16199994087,4196,115
3605,15.2452258992,2.36199998856,8306,159
3550,25.3710495181,0.982000112534,3411,145
3704,33.7709856847,1.44099998474,5192,144
3679,27.178881363,1.80800008774,6482,141
3683,18.7687459693,1.41600012779,5151,136
3699,34.1211307589,0.945999860764,3224,139
3628,17.5176285211,1.36999988556,4876,161
3604,25.4810348746,1.25999999046,4631,133
3593,35.9662912885,0.994999885559,3699,143
3449,20.478735792,1.34899997711,4849,165
3661,8.99559100702,1.39599990845,4970,129
3563,26.5299549349,1.36999988556,4991,136
3579,8.91526777461,1.40499997139,4822,125
3741,16.7587681137,1.24900007248,4495,130
3477,6.70549117377,1.67900013924,5929,155
3471,14.9358226551,1.97400021553,6966,156
3802,29.8745716807,1.41200017929,5115,151
3662,10.7144329355,1.3029999733,4593,125
3710,7.93486461133,1.70600008965,6011,148
3672,33.3644722937,1.90599989891,6946,163
3697,14.9882146481,1.34800004959,4713,133
3642,28.3230338211,1.80400013924,6442,157
3567,0.543381006763,1.36899995804,4732,127
3888,2.71959930206,1.47099995613,5195,145
3702,12.4284160664,1.30200004578,4752,149
3519,5.29438113265,1.82800006866,6338,166
3840,19.4087314674,2.1210000515,7770,135
3855,29.5004147043,1.03500008583,3739,140
3590,12.0746993912,1.00099992752,3454,148
3596,30.8657368392,1.45199990273,5355,129
3686,22.4532688705,1.12300014496,3901,135
3623,15.0101275373,1.34300017357,4693,131
3671,10.0123444004,1.17899990082,4128,129
3460,0.928982433633,1.99300003052,6874,143
3482,31.9457181419,1.89400005341,6844,176
3632,18.2520844524,1.77500009537,6611,138
3762,36.2242762836,1.28200006485,4632,139
3627,20.693653382,1.19600009918,4227,152
3851,21.742763079,1.14600014687,4085,124
3613,26.135635795,1.57799983025,5676,131
3523,35.3173784573,1.507999897,5270,142
3481,25.4263264285,2.08499979973,7482,153
3737,23.2431370507,1.07800006866,3869,139
3537,10.0183528881,1.46099996567,5181,145
3665,18.5129389953,1.73699998856,6158,147
3653,11.322188269,1.34700012207,4640,143
3840,31.2421458088,1.18000006676,4271,127
3754,37.1756809732,1.24000000954,4427,159
3591,26.7196761079,2.2539999485,7967,166
3549,26.7531406271,1.2460000515,4607,160
3699,24.4290432175,1.367000103,4931,144
3569,5.72571158546,1.50199985504,5294,132
3584,15.0379567462,0.875,3162,122
3788,41.1072442766,1.34499979019,5028,107
3860,23.8299819622,1.33299994469,4737,127
3615,27.0022100618,1.94099998474,6902,156
3630,4.8286233109,1.20000004768,4193,130
3672,9.92162645606,1.39400005341,4919,137
3751,32.2608253976,0.965000152588,3631,129
3675,17.1772457856,1.54399991035,5883,133
3705,27.8127847469,1.34300017357,4821,131
3698,26.7793375807,1.39400005341,5187,124
3627,35.0369667699,1.1369998455,4123,132
3735,14.1404932674,1.77800011635,6356,123
3515,21.9740400547,1.58999991417,5708,146
3751,26.0652429002,2.03500008583,7303,147
3525,2.03434833187,1.25300002098,4352,133
3557,32.8005122527,1.46399998665,5267,153
3529,5.51534460237,1.50200009346,5235,153
3747,9.37948717282,0.944999933243,3452,112
3670,34.5854199624,1.19400000572,4508,127
3792,22.5510918877,1.6899998188,6152,139
3543,26.4867065953,0.996999979019,3628,140
3847,26.4362052849,1.38499999046,5271,117
3693,12.04026687,0.857000112534,3035,121
3696,33.146109746,1.30100011826,4842,142
3646,8.7699162095,1.3259999752,4689,129
3510,31.0993416623,1.36500000954,4949,142
3664,25.3505176924,0.915000200272,3313,128
3641,18.3762461721,0.986999988556,3600,134
3657,22.6693223314,1.06900000572,3848,124
3570,17.1312474792,1.90899991989,6594,144
3756,11.9569879988,1.10800004005,3898,128
3582,30.209944082,1.30399990082,4778,134
3829,33.9335021933,1.0560002327,3855,124
3628,13.4775836093,1.46099996567,5177,154
3590,26.3288467567,1.38100004196,5035,157
3728,2.26454850322,1.21200013161,4212,124
3712,12.2960076918,1.1970000267,4280,130
3718,22.5397701124,1.02999997139,3678,121
3707,29.3200314001,1.59699988365,5675,135
3624,14.9512246802,1.56199979782,5396,119
3458,21.0359578425,1.29000020027,4643,152
3583,6.00393754941,1.35500001907,4704,163
3641,28.2414504004,1.74000000954,6268,129
3560,24.9335767971,1.33200001717,4931,159
3577,17.3130693769,1.0150001049,3687,135
3498,21.6149408805,1.48199987411,5174,167
3491,2.67429057051,1.39700007439,4824,153
3569,35.0935037522,1.17600011826,4258,142
3515,18.6241461709,1.26300001144,4506,155
3719,22.1045525808,1.82100009918,6447,139
3740,11.5754971242,1.59400010109,5534,140
3798,25.072618457,1.04300022125,3864,145
3697,10.5287331607,1.37299990654,5007,139
3601,3.68808968094,1.98099994659,7164,133
3589,16.029636947,1.57500004768,5527,134
3779,19.8279773483,1.03999996185,3806,126
3575,12.5498421595,1.54600000381,5748,147
3468,38.1645478058,1.23300004005,4472,169
3721,10.7224395911,1.15700006485,4071,129
3716,14.4885326996,1.12400007248,3977,133
3759,17.9789933913,1.23600006104,4632,109
3674,7.71417721057,0.960999965668,3426,120
3556,6.68815697883,1.15100002289,4024,143
3766,16.460457136,1.38400006294,4966,127
3780,25.1358426947,0.931999921799,3412,124
3533,25.8084457868,1.38899993896,5014,154
3464,16.7498713416,1.6819999218,5821,146
3571,17.012586284,1.49400019646,5463,145
3525,8.35811033554,1.51400017738,5336,159
3749,26.635294762,1.53100013733,5679,162
3529,20.1607440387,2.43799996376,8644,165
3519,29.2324216566,1.49300003052,5232,169
3673,21.5345190676,1.09400010109,3977,142
3591,3.71580673555,1.33899998665,4827,138
3677,26.8799527647,1.1970000267,4443,123
3587,32.8176554064,1.09899997711,4034,134
3749,6.4116472664,1.18400001526,4180,120
3653,5.55419616894,1.30500006676,4641,147
3702,51.5956387869,2.44299983978,9226,117
3621,16.7283208748,1.15300011635,4280,133
3624,30.026785996,1.88499999046,6815,157
3500,7.97263194248,1.41299986839,4915,148
3481,11.1314308984,1.54099988937,5444,151
3706,7.5705494743,1.20799994469,4149,144
3719,13.7815800416,1.71299982071,6078,145
3751,9.59055876513,1.15600013733,4070,127
3499,6.72758310877,2.07800006866,7456,171
3530,15.8817426897,1.45399999619,5296,165
3593,6.30784923608,1.65799999237,6012,145
3561,39.6924495059,1.35400009155,5038,125
3532,37.8376750197,1.70300006866,6130,130
3763,12.2336371273,1.41499996185,5113,132
3548,30.6363611545,1.62299990654,5780,143
3700,32.1960096321,1.19099998474,4284,135
3934,4.3201063418,2.35499978065,8109,131
3557,5.96237910355,1.83200001717,6364,139
3487,13.3850553543,1.47999978065,5123,154
3741,25.9663366601,1.04999995232,3923,109
3667,21.6078391971,0.828999996185,2991,123
3599,37.2739591976,1.07800006866,4031,155
3639,38.9303210541,1.54699993134,5692,140
3523,1.21824626433,1.43400001526,4948,153
3634,2.15154113886,1.1970000267,4171,132
3762,20.8592503787,1.23199987411,4304,137
3917,10.0193091746,1.77600002289,6335,137
3584,6.20209514712,1.08200001717,3881,151
3686,29.6692732472,1.20000004768,4373,154
3479,22.42205917,1.31200003624,4792,167
3811,19.0307101124,0.792999982834,2963,108
3670,20.5892744766,1.32099986076,4794,126
3539,11.6533846707,2.05199980736,7217,154
3665,5.64477147464,1.30599999428,4715,135
3585,16.8536179783,1.32700014114,4896,148
3547,18.37123951,1.04500007629,3683,162
3599,27.190833801,1.56200003624,5480,141
3556,19.6386936311,1.32899999619,4664,149
3743,13.1804797506,1.52399992943,5581,125
3573,19.0274330081,1.6289999485,5936,152
3782,19.1585903711,1.35099983215,4726,149
3619,31.7800140488,1.51699995995,5627,156
3748,27.6581530959,1.15700006485,4251,142
3654,12.2188589203,1.12300014496,4070,157
3804,13.195660414,1.2349998951,4459,115
3435,24.694896134,1.94599986076,6786,138
3528,14.1797394842,1.25900006294,4550,143
3737,15.529599043,1.54500007629,5414,145
3756,15.0844163742,0.848999977112,3072,98
3693,12.4186993789,1.6130001545,5748,126
3460,3.17239756398,1.44799995422,5110,149
3574,21.3611978984,1.92100000381,6766,128
3690,5.08353267549,1.04700016975,3723,133
3807,13.5384896219,0.779000043869,2941,113
3893,21.4075928109,0.908999919891,3188,117
3671,21.6142536395,1.15599989891,4150,129
3568,26.8780235467,1.19099998474,4253,156
3575,24.2444110686,1.22699999809,4430,125
3747,12.8076436279,1.1369998455,3992,150
3546,18.7873645498,1.04799985886,3675,145
3538,3.93659380436,1.35399985313,4666,130
3783,27.0430461283,1.06799983978,3837,119
3583,17.1899729581,1.45000004768,5042,153
3654,8.56061953469,1.20700001717,4381,132
3796,10.2066896542,0.940999984741,3382,124
3701,28.3226955104,1.38800001144,4888,126
3597,1.09638815409,1.31799983978,4710,162
3678,32.3842441408,1.25099992752,4631,136
3532,0.373775739598,1.61599993706,5643,143
3765,17.4022227321,1.12400007248,3967,126
3611,4.78853819869,0.912000179291,3216,143
3831,21.9861477004,1.21900010109,4484,125
3475,8.77280950527,1.73600006104,6000,164
3680,10.9296362276,0.884999990463,3239,114
3621,5.55363654243,1.78200006485,6029,149
3663,8.60111642611,1.10799980164,3875,139
3556,5.27612079314,1.9399998188,6756,154
3590,8.37063419973,1.24300003052,4266,144
3731,44.6986397673,0.824000120163,3083,131
3530,3.97580383305,1.30400013924,4650,127
3597,16.5527574847,1.62700009346,5943,132
3757,22.1729746905,1.39800000191,5150,127
3810,5.14572897679,0.982000112534,3549,153
3713,25.1496939312,1.69199991226,6298,164
3822,20.729494657,1.86199998856,6984,121
3620,6.11404267318,1.73699998856,6004,111
3769,21.089166746,2.10899996758,7639,143
3686,36.924404754,1.09200000763,4015,127
3625,23.2506613472,1.43099999428,5111,172
3736,26.6990103947,1.18899989128,4289,145
3765,26.6276755475,1.78399991989,6310,150
3595,7.77505216177,1.23399996758,4363,131
3780,21.0648694784,1.15199995041,4059,150
3539,18.4120168706,1.44099998474,5028,135
3722,34.0888267435,1.72000002861,6339,162
3728,10.5489110124,1.19299983978,4293,119
3833,180.914916975,0.898999929428,3460,112
3554,40.4950459958,1.30599999428,4835,138
3590,6.60934185004,2.31299996376,7994,145
3601,29.381359676,1.41499996185,5255,141
3675,21.1828569698,1.52100014687,5366,133
3599,33.8952150849,0.811000108719,2918,158
3579,25.3433118399,1.94500017166,6921,150
3705,17.4544422144,1.49699997902,5391,151
3682,10.4669392504,1.04699993134,3720,127
3579,32.5577175225,1.27700018883,4813,128
3758,11.9628650412,1.73900008202,6398,128
3597,11.276278057,1.23699998856,4496,140
3501,6.96322314849,1.58500003815,5641,157
3602,32.6096270369,1.1819999218,4286,148
3463,4.50880291486,1.00900006294,3543,182
3641,7.49296815516,1.68400001526,5818,139
3713,0.0691712901403,2.02100014687,7373,144
3657,5.69284876534,1.19400000572,4165,141
3628,17.3399514964,0.839999914169,3140,131
3569,9.94665825589,1.24099993706,4373,160
3676,4.77421926572,1.45399999619,5100,136
3695,12.7957204187,0.753999948502,2701,118
3593,12.3619062458,1.59299993515,5548,130
3656,23.561727782,1.50699996948,5398,116
3612,5.32991937892,1.39300012589,4778,140
3802,7.94073431239,1.35699987411,4778,121
3771,29.1731425041,1.08399987221,3838,120
3606,12.5855653172,1.28900003433,4497,164
3656,27.7852254689,1.8149998188,6390,123
3578,9.52968981694,1.5529999733,5490,153
3589,12.6249110203,1.75300002098,6441,145
3675,33.0418672436,2.23200011253,8012,156
3534,22.6694319037,1.42000007629,5132,141
3806,5.42810269968,1.62299990654,5795,147
3679,13.9764976244,0.84500002861,3162,101
3512,15.4642345344,1.32299995422,4833,149
3690,28.401444988,1.0720000267,3947,158
3648,7.69936395876,1.78999996185,6332,143
3775,37.5537290018,1.10299992561,4102,124
3668,17.126092042,1.04999995232,3816,98
3491,21.1941554307,1.26300001144,4422,149
3636,38.3916191202,1.82999992371,6552,119
3679,5.49406392679,1.22899985313,4289,154
3775,26.8849781231,1.56299996376,6030,124
3650,9.38090943912,1.41300010681,5019,160
3662,10.6176410711,1.33899998665,4722,148
3597,26.810863643,0.950999975204,3480,122
3676,4.19409825551,1.30200004578,4531,127
3572,7.96472481391,2.10300016403,7352,141
3773,19.8735559874,1.09700012207,3927,140
3627,38.8856953413,1.34800004959,5134,128
3675,10.6182402672,1.73399996758,6144,139
3506,22.4553759685,1.50500011444,5416,153
3699,16.5404096483,1.59400010109,5561,149
3652,13.8634807899,1.4960000515,5343,140
3527,17.8772146039,0.829999923706,2956,147
3604,27.3255007328,1.36299991608,4919,140
3758,16.8600256929,1.0720000267,3893,112
3618,24.9782434476,1.5039999485,5246,143
3602,12.9514189986,0.878000020981,3123,124
3621,28.9874345213,0.941999912262,3381,137
3761,17.8774020392,1.13999986649,3968,158
3587,29.0645347611,1.42899990082,5123,157
3595,28.5169420376,1.6360001564,5737,132
3638,38.515940374,0.799999952316,2889,128
3724,15.5993709538,1.67599987984,5943,135
3549,6.28656895603,1.68099999428,6053,146
3507,22.5972383847,0.999000072479,3663,139
3535,15.8921840708,1.25500011444,4463,139
3456,16.4884220445,1.36500000954,4975,149
3735,15.2007971302,1.0720000267,3879,122
3727,13.7108479589,1.71199989319,6146,141
3533,15.0091502315,1.51900005341,5295,143
3609,19.4600720066,1.56100010872,5656,137
3636,34.865763136,1.15499997139,4092,136
3603,22.7230641255,1.3029999733,4728,126
3623,10.4558318346,1.87699985504,6649,169
3585,23.6313703297,1.27699995041,4523,116
3613,32.8115652923,1.08999991417,3957,118
3731,16.5390368254,0.891000032425,3131,126
3496,15.9165887483,1.43800020218,5021,139
3705,9.39010384885,1.32600021362,4750,126
3577,7.73034045054,1.31699991226,4722,134
3583,19.2574610108,1.65199995041,5895,157
3666,31.5514220233,1.26799988747,4509,134
3683,16.5459895501,1.3259999752,4401,129
3581,19.5177998613,0.855999946594,3067,138
3562,23.8460219265,1.18099999428,4394,123
3669,27.8674046482,1.31900000572,4875,147
3674,21.0348282801,1.98399996758,7195,132
3630,24.9005814325,1.2539999485,4395,151
3703,21.3031806683,1.51799988747,5259,144
3633,9.49151940421,1.58000016212,5557,133
3660,24.137348325,0.884000062943,3160,139
3603,12.3998537671,1.03399991989,3625,141
3677,12.4695248282,1.29299998283,4629,111
3569,14.7418184914,1.16899991035,4114,135
3630,1.58997362327,1.62399983406,5647,165
3706,20.0863471069,1.33800005913,4818,132
3810,14.5777783463,0.986000061035,3501,108
3599,26.0894799386,2.17299985886,7638,131
3642,5.45886463661,1.49099993706,5143,144
3572,12.391937409,1.83899998665,6624,151
3655,14.0979984648,1.11599993706,3864,146
3548,8.90611013852,1.26200008392,4429,163
3666,16.9578174385,1.30100011826,4730,151
3836,26.7595145921,0.891000032425,3374,119
3772,14.7202408587,1.11999988556,3853,110
3487,14.1412668923,1.8109998703,6372,152
3625,34.9799372637,1.55400013924,5626,169
3535,24.1420140044,1.27300000191,4404,136
3537,0.910430885745,1.37599992752,4753,150
3608,17.210975669,0.93700003624,3295,136
3723,13.6400317451,1.99699997902,7102,138
3596,18.6062852796,1.24099993706,4365,158
3619,15.0890048716,1.7009999752,5996,140
3646,29.4100004392,1.58899998665,5748,143
3613,18.7773455356,1.45700001717,5156,157
3573,12.4357854388,1.35800004005,4774,146
3746,29.7375403825,1.60800004005,5714,111
3577,28.1346899336,1.3679997921,4838,154
3806,18.4163654303,1.69099998474,6125,130
3727,12.5998331113,1.09699988365,3813,154
3605,35.1042507782,1.85300016403,6820,151
3573,16.1647467582,1.09999990463,3937,153
3502,3.39901755978,1.26999998093,4364,162
3747,6.34459035317,1.60500001907,5551,137
3821,5.65344043831,1.18300008774,4147,130
3757,11.763901804,1.28600001335,4658,106
3597,5.54043846823,1.47800016403,5218,149
3677,15.8673838352,1.03499984741,3735,118
3731,3.2263821524,1.51200008392,5269,141
3644,9.22359758067,1.63199996948,5673,126
3542,24.7589946662,1.45900011063,5099,140
3610,29.7355492208,1.53399991989,5815,146
3574,24.071048825,2.23299980164,8379,136
3601,30.0937987646,0.960000038147,3431,147
3536,33.955092149,1.12200021744,4098,133
3699,12.6954036949,1.17200016975,4250,129
3641,15.289662984,1.05500006676,3811,135
3622,20.3090967144,1.4439997673,5506,144
3693,14.144809004,1.71200013161,6350,143
3573,9.75688889766,2.50099992752,9439,133
3629,26.6519446046,1.56599998474,5527,165
3750,32.166463628,1.34099984169,4814,138
3685,21.6958379372,1.28999996185,4632,133
3617,10.3403556447,1.97500014305,6982,157
3631,40.2736238926,1.16199994087,4131,140
3551,9.19969046673,1.91199994087,6718,143
3704,17.5050534425,0.845999956131,3014,123
3731,15.6074137483,1.36000013351,4856,118
3618,27.8512048783,1.34700012207,4996,140
3691,8.13727283689,1.52099990845,5437,130
3616,27.7573365576,1.94799995422,7102,142
3723,39.239636131,1.08500003815,4077,149
3795,23.75671191,1.58099985123,5675,117
3827,11.0018749332,1.08500003815,3803,121
3631,22.6293069974,1.37800002098,4748,134
3589,24.3247733758,1.33999991417,4808,148
3599,11.2451269057,1.41199994087,4933,141
3696,2.39076545153,1.23900008202,4456,138
3638,20.5476875461,0.875,3123,137
3581,28.3553623366,2.04100012779,7364,149
3659,31.4075836905,1.00099992752,3720,125
3640,13.112356618,1.11500000954,3904,115
3578,4.88293146433,1.50999999046,5469,142
3566,2.70680842772,1.6740000248,5932,150
3766,6.40731084799,1.06900000572,3849,130
3666,17.3971886499,1.35699987411,4865,141
3582,14.713530079,0.926000118256,3322,139
3536,17.8966703305,1.61400008202,5682,148
3581,5.61507855032,1.75400018692,6130,149
3541,36.4882857247,2.05800008774,7825,158
3665,12.6441881734,1.58899998665,5456,142
3573,2.85703797017,1.38999986649,4812,136
3810,33.8363833877,0.900000095367,3326,125
3571,0.91234144498,1.78999996185,6324,128
3677,11.0440510391,0.775000095367,2924,109
3714,9.7372662001,1.35500001907,4759,128
3704,20.7177266827,1.1819999218,4181,120
3655,19.0739716275,0.981999874115,3522,124
3525,25.9741560428,1.53999996185,5445,151
3571,25.2884262099,1.19499993324,4347,145
3611,19.8453939603,1.22099995613,4371,132
3584,25.6256809483,1.375,4901,133
3680,20.3248275211,1.29699993134,4648,131
3574,13.1733330652,2.03600001335,7277,133
3745,29.99214182,1.89400005341,7216,136
3809,11.9529076683,0.980999946594,3421,126
3997,47.354058073,0.84299993515,3119,123
3737,13.3605026726,1.00199985504,3636,139
3699,6.19269965537,1.67800021172,5893,158
3679,8.79384804326,1.71399998665,6027,151
3694,10.6371715594,1.31699991226,4622,145
3634,21.7142511455,1.30499982834,4691,115
3538,24.3700973055,1.93799996376,6899,166
3681,1.8069519528,1.79600000381,6340,140
3476,3.13825457951,1.33399987221,4580,141
3643,11.5563576311,1.64999985695,5729,149
3712,25.3623451441,1.41199994087,4956,158
3693,27.6898390391,1.07500004768,3959,138
3506,24.5511071772,1.5,5361,141
3609,19.5394054943,1.70800018311,5996,142
3552,17.9018009598,1.59800004959,5591,146
3719,32.0718874271,1.28999996185,4533,153
3590,15.4406017164,0.84299993515,2942,133
3643,23.2494241156,1.34900021553,4741,140
3656,25.4666313907,1.07299995422,3775,128
3496,24.3620006174,1.90399980545,6920,164
3620,29.8807331928,1.17300009727,4214,131
3564,23.937582918,2.21600008011,7901,119
3629,5.35896067864,1.0529999733,3671,137
3521,2.63690686394,1.625,5645,150
3673,26.4608239492,1.00999999046,3762,124
3692,0.102482883416,1.54299998283,5380,119
3616,10.3953996331,1.56900000572,5544,160
3491,23.4907452652,1.57400012016,5683,154
3578,4.66053198806,0.994999885559,3552,140
3699,21.288959325,0.799000024796,2883,123
3553,28.0988694359,1.10500001907,3881,147
3690,8.66756307563,0.934000015259,3308,119
3540,18.8790867201,1.13300013542,4096,127
3914,3.8274942197,1.40300011635,4900,134
3532,2.88382917299,1.37599992752,5017,120
3771,8.45962157849,1.23099994659,4566,143
3771,21.9114818366,1.19799995422,4285,134
3678,20.236943459,1.11199998856,4185,129
3681,17.922948375,1.63899993896,5800,112
3805,23.2965995025,1.55399990082,5564,109
3523,18.5336141641,1.757999897,6215,124
3579,11.9303154171,1.03299999237,3548,163
3568,21.5760905943,1.54299998283,5450,140
3596,21.2713039801,0.989999771118,3565,137
3663,14.8368922985,1.20600008965,4305,125
3678,17.7676099706,0.899000167847,3353,125
3619,28.1743749133,1.21900010109,4380,155
3696,29.5270215896,1.72500014305,6221,158
3569,10.1169538639,1.32500004768,4714,154
3546,23.9030436683,1.2429997921,4393,139
3600,6.4798819048,1.14100003242,4032,153
3733,25.390903138,1.44600009918,5667,147
3563,6.33653178885,1.80599999428,6431,149
3694,30.1854003361,1.1740000248,4243,112
3496,9.00491917775,2.09500002861,7325,146
3714,21.6066513065,0.973999977112,3533,110
3828,19.550459356,1.04699993134,3743,145
3597,8.94068781126,1.31900000572,4564,134
3696,26.6446236974,1.54100012779,5596,140
3547,19.2390858203,1.90100002289,6705,133
3549,4.80201127287,1.28900003433,4616,140
3559,22.240407453,0.903000116348,3194,137
3558,19.7354892715,1.72300004959,6182,128
3751,27.8298862653,1.09500002861,4197,131
3625,29.741493448,1.49000000954,5379,141
3763,16.9374413833,1.15400004387,4145,140
3892,24.1975367224,1.1099998951,4020,123
3741,6.8487232071,0.94000005722,3284,122
3713,12.9105302592,0.833000183105,2993,137
3737,27.5501406971,1.64400005341,5780,141
3630,22.9478475674,1.25800013542,4195,152
3790,2.51169531003,1.2380001545,4312,138
3603,3.8241930485,1.21399998665,4298,138
3610,1.17098268911,1.38700008392,5131,148
3996,22.103237365,2.03499984741,7364,125
3490,10.8305928521,1.19499993324,4385,154
3640,23.1931647475,1.59900021553,5711,145
3603,24.8948883579,1.35800004005,4849,141
3723,26.0247334873,1.16299986839,4240,134
3703,26.4575642313,1.05099987984,3893,139
3784,30.3095891457,1.06200003624,3837,139
3708,33.1930857883,1.48200011253,5348,134
3547,1.49922217682,2.07899999619,7236,158
3636,30.3290388039,1.46999979019,5393,135
3492,5.75466012569,1.1930000782,4110,138
3543,4.94292435469,1.33599996567,4667,144
3624,2.19362102945,1.31299996376,4682,153
3572,28.4949920612,1.59200000763,5674,144
3803,25.7172420302,1.43499994278,5106,144
3697,10.6197450719,1.14100003242,4109,154
3553,12.4794983226,1.34700012207,4676,158
3667,19.8156350403,1.41600012779,5140,156
3678,23.1696056184,1.27799987793,4520,142
3586,12.5719767009,2.21500015259,7692,165
3551,21.1990789824,1.20600008965,4438,154
3587,12.8888209138,1.75400018692,6367,129
3558,24.1476887815,1.72000002861,6207,134
3760,6.5512087723,1.45299983025,5255,145
3764,9.97904009748,0.963000059128,3443,108
3653,19.693566837,1.22500014305,4278,126
3614,36.3238623159,0.829999923706,2981,139
3585,15.5688033412,1.42899990082,5022,139
3811,13.7810534883,1.07999992371,3818,135
3508,24.7304763204,1.57699990273,5623,164
3646,13.9961805584,1.68600010872,6021,131
3563,6.61132233399,1.03399991989,3621,136
3778,4.24720682798,1.61899995804,5545,123
3682,16.2948034705,1.06999993324,3864,140
3587,8.1233794014,1.35500001907,4886,131
3579,13.0843280421,0.823999881744,2948,119
3672,18.6995855617,1.7539999485,6227,125
3445,23.0503442583,1.53799986839,5562,157
3612,12.9688840978,1.52600002289,5284,150
3589,14.4839565112,1.02900004387,3576,122
3688,17.7818742243,1.01999998093,3654,131
3688,31.8924597121,1.42699980736,5043,142
3651,31.8425516722,1.38800001144,4915,136
3502,6.1667260049,1.51800012589,5322,163
3669,7.42002215857,1.31200003624,4764,149
3631,12.1080139823,1.62999987602,5900,141
3680,9.95699473188,1.46299982071,5168,140
3599,15.9154275983,1.02699995041,3621,132
3580,4.86288218576,1.08299994469,3890,140
3562,29.7162401297,1.07400012016,3855,145
3829,18.8124086367,1.26600003242,4598,130
3597,12.0691317456,1.00200009346,3640,123
3652,17.146593013,1.62999987602,5841,147
3663,39.3398371942,1.17700004578,4330,140
3505,20.4419924989,1.74900007248,6587,144
3643,6.69151115766,1.30999994278,4685,144
3756,9.07933685693,1.57100009918,5520,137
3671,23.5867016422,1.36100006104,4870,161
3697,24.9232415928,1.69299983978,6027,139
3687,28.5798362453,1.53200006485,5660,127
3496,18.5554128284,1.56999993324,5460,143
3694,1.47726677434,1.20700001717,4323,141
3570,16.116873321,0.969000101089,3407,142
3716,23.0333895575,1.30499982834,4652,128
3687,25.3713925256,1.48599982262,5311,126
3809,16.5804911385,1.08399987221,3860,125
3593,17.9919868317,1.28099989891,4634,135
3576,10.0940931658,1.11899995804,3919,147
3488,24.094952633,1.742000103,6302,152
3730,39.4701872862,1.48399996758,5554,142
3561,0.576362482142,1.4390001297,5132,143
3686,30.4246214874,1.71799993515,6272,139
3483,6.93671736953,1.82400012016,6293,151
3647,25.5000422406,1.78800010681,6583,116
3503,23.3304661635,1.50300002098,5683,161
3750,43.3078470503,1.75800013542,6721,121
3877,19.3085861842,0.927999973297,3312,128
3530,2.43198321991,1.88900017738,6622,157
3534,34.1947898281,1.96099996567,6834,175
3655,18.4929110125,1.70499992371,6146,147
3598,27.1944621933,1.94400000572,6768,150
3646,16.0464781459,1.5720000267,5612,145
3700,7.67962716022,1.7009999752,6008,133
3523,15.561089724,1.38300013542,4796,161
3502,12.1380988159,1.4960000515,5307,141
3709,6.51270926861,1.12800002098,4081,136
3553,6.12701766109,1.71500015259,5878,138
3783,22.5036430447,1.22499990463,4346,142
3565,4.07154825378,1.25499987602,4348,151
3668,4.41494927085,1.09500002861,3889,134
3665,30.3468797688,0.87700009346,3204,117
3688,14.8030311349,1.45300006866,5335,138
3582,6.2047729591,1.52800011635,5279,147
3658,0.661786208754,1.12700009346,4019,133
3882,17.7497090694,1.62400007248,6213,112
3821,17.5651578403,1.2009999752,4275,142
3548,5.90227749277,1.617000103,5857,136
3614,19.1245201739,1.22499990463,4462,136
3598,0.19475997184,1.50199985504,5257,140
3471,31.1789338892,1.87600016594,6783,141
3498,3.17681962226,1.52999997139,5504,142
3722,10.3006557636,1.08800005913,3939,130
3853,31.4432115612,1.08599996567,4094,95
3646,28.4383904213,1.367000103,5050,148
3707,14.0360754028,1.39899992943,5039,147
3606,12.6990788379,1.07500004768,3839,138
3539,5.16974812134,1.36599993706,4969,143
3654,0.716915700987,1.00099992752,3590,138
3634,8.33311747367,1.50199985504,5236,142
3671,26.7622475995,0.989000082016,3563,143
3598,32.9514194114,1.83099985123,6549,155
3521,10.6232366838,2.03500008583,7340,144
3467,17.1955843154,1.3109998703,4541,156
3466,11.3310811601,1.14800000191,4135,159
3683,5.28415862755,0.994999885559,3672,132
3555,22.8315952349,1.25,4617,150
3568,7.22567326578,1.09899997711,3775,131
3558,10.2828726107,1.85099983215,6407,154
3574,6.05631343567,1.5490000248,5482,164
3463,25.5853975188,1.28999996185,4839,173
3800,8.02882045451,1.38000011444,4793,139
3687,27.1509167854,1.61500000954,5626,159
3533,33.9632934694,1.28500008583,4604,133
3734,43.4739948543,0.851999998093,3213,150
3611,23.1559824045,1.53999996185,5650,152
3731,13.213189338,1.742000103,6191,151
3675,29.0287479855,1.77499985695,6416,136
3880,145.233564877,1.27799987793,4968,113
3724,0.858639471326,0.924000024796,3157,120
3517,11.9140419976,1.38800001144,4890,142
3626,31.2175939731,1.09299993515,4111,148
3673,12.3248782642,1.32499980927,4745,131
3576,5.52808480965,0.921000003815,3347,156
3608,50.7456877328,1.11500000954,4076,127
3607,30.6175169049,1.11500000954,3880,169
3718,33.5201870691,0.995000123978,3670,129
3566,12.1102261749,1.62600016594,5811,152
3651,27.1242977011,1.64600014687,5518,139
3636,17.1387026127,1.40599989891,5076,138
4085,25.4499363348,1.31599998474,4741,129
3512,8.24493092714,1.73799991608,6021,135
3611,21.7674126679,1.16700005531,4054,125
3656,14.2654823133,1.41400003433,4797,133
3549,9.5318374552,1.36899995804,4742,135
3538,4.15766356097,1.32899999619,4779,157
3569,4.78727245976,1.34200000763,4548,160
3646,16.7081296041,1.97799992561,6770,139
3732,27.0289275509,1.257999897,4576,139
3655,30.2148623797,1.17599987984,4255,127
3713,38.2067910178,1.28100013733,4645,139
3913,115.544228275,1.43000006676,5613,96
3532,31.1496917934,1.90100002289,6926,136
3718,20.9898732351,1.19299983978,4266,122
3641,19.3463115204,1.27099990845,4629,144
3551,46.3865514942,1.59699988365,6088,134
3880,14.494907344,1.02899980545,3726,140
3833,19.6547019751,0.902000188828,3242,139
3565,15.6995019007,1.40199995041,5006,154
3464,36.5139865585,1.7429997921,6141,164
3520,5.5334121592,1.6099998951,5651,161
3551,30.3323777983,1.82700014114,6548,153
3772,6.58379723619,1.07400012016,3932,124
3584,27.5866102753,1.50699996948,5313,137
3670,15.6200851626,1.52699995041,5351,133
3635,15.4311131408,1.18700003624,4315,137
3718,7.37219211132,1.16400003433,4098,120
3681,31.2648942856,1.77800011635,6489,149
3686,40.0786928519,1.45500016212,5235,139
3833,18.059752743,1.13400006294,3998,137
3567,5.30609496291,1.54200005531,5303,160
3539,6.30203717115,2.367000103,8393,154
3710,22.7472342852,1.1859998703,4223,110
3663,33.5305537839,1.27999997139,4582,154
3650,3.34480757912,1.11999988556,4115,132
3705,14.6868609289,1.09299993515,3911,153
3670,11.2033337018,1.58399987221,5478,149
3603,30.6953005561,1.30999994278,4708,170
3727,11.0506089987,0.990999937057,3537,140
3569,29.2132350306,1.97399997711,7065,146
3547,2.64943489881,2.45399999619,8430,164
3579,11.2478196307,1.35099983215,4680,134
3492,33.0079831847,1.51300001144,5318,157
3662,26.509407144,1.51800012589,5326,164
3598,12.8823407485,1.21199989319,4284,154
3660,7.82811277622,1.79299998283,6268,148
3556,12.2113836197,1.30200004578,4602,157
3657,26.9681861332,1.16999983788,4108,155
3779,0.753937843392,1.0609998703,3666,123
3611,7.29489593303,1.58100008965,5581,148
3753,25.9912249025,1.03200006485,3714,128
3569,21.9553145983,1.16300010681,4088,154
3651,0.618169,1.3679997921,4617,136
3767,13.6893999282,1.42000007629,5085,130
3547,32.7235556117,1.83899998665,6606,153
3566,10.1121358272,1.01300001144,3527,137
3783,24.7671673673,1.60400009155,5765,145
3656,18.9903175486,1.14199995995,4010,124
3653,27.714397356,1.10199999809,3920,143
3679,12.5199417611,1.86299991608,6409,164
3569,37.9085758537,1.64699983597,5928,146
3689,13.2935735217,0.983999967575,3546,133
3720,16.0142763514,1.12099981308,4026,126
3688,28.1703687424,1.56999993324,5489,151
3511,15.8873991233,1.50199985504,5233,154
3723,16.2674777488,1.16799998283,4210,129
3744,17.1046291939,1.30399990082,4422,127
3586,9.58527769867,1.08400011063,3836,126
3763,29.6357219407,1.79699993134,6498,120
3764,29.0288013083,1.02399992943,3679,119
3611,7.82605777136,1.30500006676,4503,148
3953,199.385911775,1.07000017166,4141,93
3757,19.1821248085,0.924999952316,3266,114
3619,9.31660501112,1.46299982071,5062,164
3733,27.6684099585,0.93499994278,3362,130
3646,9.03958128504,1.2539999485,4378,140
3591,1.58217031605,1.10099983215,3866,142
3523,26.6883780349,1.63499999046,5752,173
3610,24.7326254361,1.92599987984,6802,149
3647,4.7856484506,1.33999991417,4712,149
3608,7.17321873873,0.905000209808,3250,131
3972,38.9146902613,1.03200006485,3931,130
3732,12.9042209883,1.35600018501,4893,141
3713,33.5141478397,1.17300009727,4261,134
3616,20.5419220733,1.15499997139,4225,122
3554,21.4799767188,1.22099995613,4434,121
3519,16.6670299338,1.3180000782,4818,138
3622,25.7773041443,1.26300001144,4650,116
3774,22.3195125299,1.52999997139,5591,126
3583,13.7079046513,1.50999999046,5445,143
3637,8.35895410161,1.49300003052,5319,132
3623,32.0294002797,1.56900000572,5604,158
3790,17.3037411906,1.53699994087,5391,131
3632,12.2595626496,1.03900003433,3619,132
3713,21.535581581,1.41199994087,5106,154
3527,33.949512994,0.963000059128,3505,137
3711,15.1503391496,1.31300020218,4714,132
3489,29.230645684,1.45700001717,5390,136
3531,9.19083991665,1.19999980927,4196,142
3631,9.00825978012,1.12700009346,4026,142
3723,5.32391950179,1.24100017548,4498,127
3595,1.73314379093,1.74500012398,6040,144
3585,15.0127538117,1.19600009918,4211,148
3707,6.19727761556,1.69000005722,5984,121
3516,28.6017075246,0.933000087738,3324,130
3611,13.5805823774,1.40199995041,4952,126
3553,15.8094906531,1.58699989319,5714,149
3635,2.97292599461,0.929999828339,3284,138
3632,28.5730638636,1.41100001335,5063,147
3475,4.46105660264,1.41200017929,4942,155
3806,23.9540126987,2.05599999428,7496,139
3547,10.7366380973,1.31599998474,4608,157
3556,21.9226713316,1.25099992752,4394,158
3680,25.5980359649,1.41600012779,4927,144
3744,12.2305545028,2.17299985886,7733,118
3674,18.5830144126,1.32400012016,4692,146
3701,42.0417860933,1.44499993324,5180,145
3658,22.8644560969,1.78600001335,6293,133
3911,20.789916333,1.79600000381,6491,127
3684,25.3454623177,1.75600004196,6384,135
3595,6.11775701711,1.32500004768,4527,141
3517,32.6870184758,1.42999982834,5026,161
3609,24.3257949958,1.9279999733,6997,145
3549,23.8674064223,1.36199998856,4901,152
3536,7.51822543556,1.47399997711,5312,129
3742,22.1514977835,1.31999993324,4631,123
3527,26.9725091626,1.5529999733,5616,128
3713,18.4430522833,1.01699995995,3852,125
3613,22.7278981162,1.21700000763,4631,124
3640,9.83226696159,1.41699981689,5106,145
