medianCap,meanCap,maxiCap,miniCap,devCap,mediancost,meancost,maxicost,minicost,devcost,solutions
635.6446951,637.04814,885.044603,129.1283307,81.82918884,5657,5662.945,6215,5093,182.1596524,0
396.2891033,402.7215922,660.5538167,161.9086103,83.71525674,5622,5622.3756,6048,5018,146.4206889,0
451.5066535,452.7771614,704.6017375,143.0176219,79.57717186,5695,5693.5328,6141,5229,165.7440874,0
397.5916824,394.5120026,631.04273,172.926611,81.80849536,5598,5607.8794,6082,5082,161.4901342,0
509.6512331,513.4700666,755.1142524,102.2786394,74.04998151,5735,5728.9684,6191,5259,150.4928351,0
214.6231791,221.5563827,536.2293498,0,76.23468061,5663,5670.9652,6273,5187,166.4747056,1
684.0429535,683.6492139,887.231024,102.0450112,76.64915337,5631,5628.2424,6053,5161,153.6847359,0
919.9891453,923.3586688,1231.470567,546.3113068,83.85096019,5559,5559.1912,5983,5089,150.6984971,0
435.3389709,434.8060649,687.732495,0,81.78176475,5641,5637.9782,6293,5097,167.2859573,1
473.0013174,477.8920994,751.6208877,223.7560253,82.43097052,5611,5611.1442,6091,5041,153.5365012,0
668.1595657,665.7921236,903.8750197,0,82.40694998,5629,5635.365,6273,5145,180.7454098,2
645.441549,645.074642,945.603274,51.27459384,72.37351845,5719,5717.5924,6261,5155,173.7766068,0
286.0065755,293.3147816,557.1314407,63.38215377,83.20596307,5626,5633.8018,6164,5136,167.6633947,0
510.9479221,509.3964084,783.6411402,275.4032975,77.73711366,5673,5673.5958,6305,5089,159.6671157,0
508.162433,509.603905,785.8045997,0,75.50884684,5622,5620.3668,6256,4946,170.1215303,1
576.7567112,575.8473163,861.572215,141.4470094,90.76680901,5573,5575.6268,6019,5087,151.2119437,0
423.218056,427.0880763,684.2929084,36.04427358,80.10238211,5602,5609.2518,6070,5094,163.1437421,0
892.8341858,896.5516099,1152.692585,510.8236383,87.26179914,5635,5634.1618,6185,5069,176.964596,0
548.3582373,549.1478276,779.9565205,0,80.9493737,5685,5687.6,6185,5095,174.1314056,1
591.6582213,589.5280822,879.232201,362.8392777,79.43446592,5693,5698.6342,6393,5059,180.5855725,0
823.1770331,823.8271925,1062.830661,498.465384,71.39126399,5541,5541.2844,6015,5135,146.0218638,0
457.6056366,461.5478188,713.9044434,211.3597102,77.25858456,5648,5653.29,6160,5170,155.0174052,0
1041.591081,1043.007141,1281.737148,409.5946172,86.94213839,5655,5653.3414,6177,5071,185.036824,0
585.0030365,586.834201,867.496304,339.8334936,82.55567138,5708,5699.5616,6348,5102,200.6924508,0
350.5021573,351.6906875,577.3785937,33.95380453,74.81606249,5646,5643.5746,6236,5126,170.8097053,0
621.1089361,623.7973943,922.106778,49.72314641,82.18790186,5754,5745.0864,6322,5206,194.1338851,0
219.0196013,218.6928621,441.2303999,13.40281554,67.92204495,5623,5625.9738,6101,5195,163.9483727,0
417.2539617,421.8970084,674.238478,69.729548,76.8215441,5567,5567.7726,5923,5105,136.7033734,0
388.6756045,394.6050432,740.3345142,185.8024499,78.84535405,5732,5736.724,6318,5232,178.3838486,0
325.7780918,323.5247975,569.2306787,104.5155928,73.20030833,5592,5590.4648,6172,5034,172.4689095,0
382.5665576,380.3346539,602.6897841,0,75.46848077,5651,5647.1798,6167,5117,155.6809766,1
205.3234791,207.5665521,463.3022172,15.91354482,58.28242917,5660,5653.642,6174,5042,162.5878908,0
457.6462116,457.9795677,707.7113487,196.8460478,80.9075959,5669,5660.742,6203,5083,189.478982,0
456.3714046,462.8281295,747.4119964,0,78.3755571,5643,5644.3004,6106,5112,149.2581152,1
799.6470914,800.4670916,1021.595353,247.2916398,75.71771593,5711,5703.74,6235,5147,180.2853483,0
233.6101034,237.8689567,460.0572037,30.63920622,69.69766966,5698,5693.0008,6240,5114,181.1463806,0
773.2276302,776.7495257,1090.060653,356.5039588,82.43614449,5696,5706.1806,6302,5254,167.4790655,0
294.9391826,294.3314473,490.196936,49.72199288,70.437996,5693,5698.8152,6139,5157,152.7302676,0
440.2768287,441.1241783,687.9825654,163.8839621,82.55935516,5698,5692.7702,6350,4944,196.0348234,0
175.358701,184.6846436,453.3265388,3.946063131,73.57848787,5699,5694.2466,6187,5107,174.3238205,0
372.9484258,373.939149,583.986756,184.8367407,66.87468879,5723,5718.9412,6241,5169,189.3099103,0
897.6787137,894.3565747,1162.133636,636.3244966,83.46736357,5652,5640.516,6416,4998,208.1817882,0
688.5217774,690.693524,985.34581,452.0309955,81.47284789,5517,5517.9052,5965,4965,149.796982,0
728.535964,726.0984743,978.7298312,332.6029374,83.13377697,5645,5642.464,6217,5173,167.470587,0
210.0195436,211.503077,424.5790944,0,68.53387763,5634,5633.8686,6052,5118,149.6537468,1
393.7737148,394.4789345,741.4166944,132.4355974,86.01417306,5660,5653.8204,6159,5107,166.8237697,0
364.3043877,364.8432091,639.6320727,115.2482222,75.10595676,5602,5597.4652,6120,5110,150.4641312,0
538.1327853,538.7941322,872.0671623,0,94.69547888,5618,5612.1624,6324,4986,187.3914833,1
457.1514369,456.8785094,679.1934669,244.5945628,76.24221856,5671,5682.2358,6125,5175,152.199636,0
455.9016764,455.7902469,699.1123665,216.6319069,72.36712952,5612,5603.646,6096,4964,164.0900518,0
582.2935866,581.6870411,793.0189273,333.9635725,75.77616853,5615,5611.7552,6127,5065,176.2827254,0
394.5904856,392.2310951,664.2726208,121.7323496,81.1952556,5657,5658.843,6311,5121,174.7977155,0
364.8600269,364.62739,655.4928387,0,81.49058533,5661,5655.1388,6169,5075,177.1703043,1
618.1016752,622.6940538,916.3457629,0,89.53768396,5638,5637.1342,6256,4962,194.0335218,1
354.8063004,357.3648616,618.6109291,111.606087,72.8235528,5703,5697.2854,6237,5205,163.075047,0
704.1972016,703.222893,1016.450939,0,83.77884258,5678,5672.325,6228,5082,180.10943,2
668.628917,661.6420504,909.1078686,378.0989821,85.22235092,5650,5647.0272,6120,5116,154.9996802,0
519.9551001,523.9977584,835.4985812,0,86.79865027,5692,5685.7828,6132,5112,164.6366327,1
351.0742059,352.4870352,645.8990853,116.0546203,79.87736924,5636,5632.9002,6146,4974,171.9243335,0
683.8301268,682.9285515,928.138157,41.72553622,77.09649198,5738,5735.1366,6249,5139,169.7686689,0
487.42121,487.5871263,762.2283192,124.0142673,76.62600574,5600,5601.026,6132,5040,151.0093299,0
418.458536,417.6543735,671.8649107,26.27877998,74.96252049,5606,5615.8778,6256,5010,170.699736,0
434.9122611,436.4019051,716.7904567,182.7475931,83.44488444,5658,5665.4712,6248,5122,181.6852475,0
508.154535,512.8305442,772.2158506,164.0732928,79.70924265,5591,5591.9758,6073,5017,167.1241126,0
612.0805443,611.0707957,900.2811222,342.5645499,85.69119668,5633,5636.793,6265,5075,164.9247148,0
616.2271738,622.8354683,915.6200174,406.6840197,74.62597685,5595,5594.7278,6221,5117,167.6381887,0
587.20751,584.9622972,822.9026306,226.6080771,75.3771263,5579,5576.2734,6149,5087,166.3637162,0
356.13257,347.1867585,570.4065364,0,86.30313994,5653,5661.504,6127,5133,161.7220022,2
444.3879524,442.1444612,694.7353004,162.4481698,74.11677325,5691,5697.8596,6247,5271,169.8276688,0
680.2291925,678.0209719,945.9235259,406.2873542,78.23175622,5788,5770.8548,6316,5136,186.5780172,0
476.5905764,476.6372271,717.5644759,261.1450325,65.42005675,5690,5696.3134,6354,5162,183.9719233,0
284.8650721,282.2888498,498.6340597,68.39038822,72.99011336,5617,5625.2838,6111,5111,170.4305696,0
457.4155488,460.1811169,690.1616767,264.3124638,67.62164288,5723,5714.3636,6283,5095,167.5204244,0
408.0560521,407.7079313,676.0257862,197.4978862,70.76107258,5615,5619.9704,6191,5131,172.1011723,0
402.0600577,401.8899877,673.0848512,0,77.74943816,5617,5622.1966,6187,5025,178.2405177,3
459.0269418,457.2815018,701.0101585,202.6497255,78.16662661,5681,5688.645,6183,5155,186.2442568,0
537.6421536,536.5762878,774.4428779,250.8428249,82.66334752,5613,5614.6788,6155,5071,188.0610178,0
245.5666164,245.8661138,468.9524612,44.16384701,68.28526283,5664,5665.1512,6210,5052,189.5215142,0
477.1295996,476.8697225,693.7445908,70.13513181,65.66719876,5687,5707.8128,6261,5215,181.5234733,0
711.5783396,711.094305,951.1816857,301.1436748,77.89661816,5635,5634.846,6127,5109,157.5352389,0
462.9342328,463.0023284,731.5076414,143.2816029,86.83306654,5691,5690.4268,6219,5197,160.0597671,0
572.968862,575.3681311,867.6002469,162.3676781,85.86097525,5656,5660.1584,6176,5096,174.9173602,0
462.9949225,468.8744242,736.6996855,0,80.07981349,5727,5711.4392,6311,4985,188.742597,1
341.5530158,341.340054,619.3370121,137.8070974,70.78049111,5714,5714.168,6298,5098,195.3882795,0
525.0668358,527.2799567,825.8953359,230.2303416,89.74291867,5730,5731.005,6374,5044,182.2066167,0
722.3096096,719.2868111,987.0103997,176.1737434,83.01639489,5639,5640.494,6135,4967,191.3440001,0
217.143305,221.0063439,486.8196509,24.1358378,69.9153024,5669,5673.5278,6275,5245,161.594461,0
555.6870997,552.6396309,783.3593572,33.10044018,62.4413853,5672,5672.9568,6220,5134,159.1045208,0
267.8727984,265.442442,481.7499399,4.593749622,71.58403003,5677,5676.5672,6245,5075,183.4832218,0
355.1902954,355.8637396,623.7625002,165.3379671,75.47342383,5669,5667.3512,6317,5109,165.2569922,0
250.7111116,256.0310051,516.1161613,33.29603013,74.41143894,5669,5679.7998,6255,5109,157.3446889,0
267.92296,272.4583109,522.7992478,50.24513838,75.00317305,5723,5725.2432,6215,5185,175.0875211,0
431.2382645,430.9191402,673.9378381,201.1745345,80.48442409,5706,5711.5752,6294,5108,177.9459838,0
661.7957993,661.548162,918.7439798,391.4962349,81.53853449,5655,5649.6132,6203,4979,173.5370093,0
273.4223844,276.2723271,552.1280305,87.93204007,73.05070973,5686,5684.2328,6224,5172,153.6163461,0
487.5005708,493.2117861,787.8321018,166.2465703,76.20151034,5710,5704.129,6248,5244,155.6604631,0
419.7017924,422.2310219,687.5388656,191.7621129,80.05394014,5661,5658.564,6389,5091,183.1472552,0
651.784364,655.703692,865.6940072,0,73.09839805,5767,5760.2452,6409,4989,202.8097687,1
802.2086093,802.8617259,1061.217815,316.5654206,81.54533607,5563,5561.3288,6009,5077,135.188792,0
538.7251706,538.1910596,780.5309735,287.9375649,83.58601722,5692,5687.1466,6202,5050,173.7768089,0
264.1795823,269.6543062,536.4974649,0,72.56295792,5682,5672.1434,6170,5110,168.2254958,2
725.2808923,727.359176,1061.69583,172.3650712,92.38302942,5699,5701.1826,6279,5157,174.0362303,0
425.2431245,427.9062177,695.3625339,0,69.67461016,5680,5669.9936,6304,5108,172.5866807,1
212.2502978,211.066422,413.4949952,18.9480775,69.98033927,5673,5677.4914,6169,5173,160.1010148,0
811.2642705,814.7845619,1081.076559,103.0504564,75.78330043,5566,5563.8524,6092,5018,164.9264825,0
254.0440972,254.9034644,474.1355297,67.38375478,62.86930217,5630,5624.3032,6304,4964,180.3898314,0
806.4814131,804.7612075,1103.361053,0,91.20788937,5586,5576.6596,6070,4996,168.4988289,1
553.9013401,556.0425262,810.6004798,0,73.837366,5671,5668.3472,6234,5214,158.5055591,1
793.3089217,790.5410136,1029.543756,371.003564,90.01717727,5721,5705.8156,6201,4983,173.577237,0
172.1978822,176.0939787,377.9074322,20.19301019,60.49958209,5672,5670.5664,6202,5088,174.4760981,0
423.4966744,420.677242,701.1964234,162.8556177,82.17546704,5653,5651.2346,6187,5203,157.2058185,0
322.1473728,321.8106067,570.3968788,0,71.64759454,5685,5692.5686,6211,5179,177.19795,1
467.5054644,468.6242769,733.4053859,244.3957744,65.7389947,5637,5639.0314,6155,5153,157.5197264,0
326.3625067,327.5335425,605.9866698,53.4455104,80.66798645,5684,5691.521,6316,5122,176.0411968,0
645.9533189,643.362154,889.3499523,0,85.31495914,5740,5744.052,6282,5152,182.1233618,2
803.5016582,800.8211716,1046.677021,429.2650376,77.60541441,5672,5681.968,6310,5010,190.6519797,0
216.1917232,216.5752618,451.5139103,0,65.36112387,5692,5695.3056,6334,5060,194.6100085,1
702.9962095,702.5634943,955.2006365,330.7302203,75.02810332,5745,5741.8666,6347,5153,183.9070195,0
525.4637496,525.8713656,794.8382881,0,89.36200229,5683,5679.7268,6125,5215,153.7839568,1
687.9735653,690.362345,956.9710911,0,79.95100222,5716,5712.7184,6144,5112,158.1587984,1
447.0534855,448.7420497,682.6805741,0,75.67495194,5666,5668.3756,6174,5134,150.6976062,1
890.4862111,886.4538237,1123.060569,104.5751822,72.05388462,5589,5594.4264,6017,5137,152.4056737,0
504.3854155,501.2562417,757.7915229,251.1850343,82.31592568,5593,5587.581,6115,5111,160.529423,0
665.3130068,665.1636836,980.4562284,275.7233837,87.80669723,5691,5685.4108,6183,5057,179.0692649,0
436.3120937,434.7406842,674.1971359,0,83.08634892,5604,5615.052,6158,5138,156.0446439,1
363.4326332,365.1708392,586.3147309,100.3195202,69.59859666,5766,5758.446,6266,5152,179.9533214,0
275.710265,277.3685292,578.0184225,63.14741192,69.99520581,5654,5642.172,6072,5150,157.2306917,0
539.6550586,537.6852987,768.5537483,236.4371448,86.50786754,5736,5740.1492,6242,5230,174.0903149,0
365.2172998,364.0630943,623.430708,0,73.2855527,5673,5681.3588,6299,5271,163.633674,4
888.2264454,883.6683124,1127.536532,618.7986463,78.63299195,5632,5634.4284,6124,5166,149.5962208,0
359.7664402,362.5103508,663.6032136,0,80.8394595,5623,5624.8972,6145,5085,174.933795,5
423.336678,422.5012075,618.7929495,184.502128,72.28694606,5659,5657.4202,6247,5047,176.5782723,0
340.5404496,343.0097831,597.6659474,105.0830401,77.592767,5648,5633.8762,6086,5096,169.0881388,0
636.1787039,637.7729128,966.6576139,152.6530803,80.91809504,5710,5713.175,6266,5222,173.8301693,0
1007.93045,1008.652753,1282.776809,733.3679398,95.83943242,5560,5555.937,6088,5016,154.2921269,0
497.7170601,501.8851231,752.448252,230.0075672,73.93188502,5648,5649.042,6148,5118,157.6701235,0
694.0407753,694.5395593,1019.684121,388.7595506,91.70180551,5558,5543.9842,6012,4828,180.4532054,0
300.1434899,299.7316205,563.5523576,88.16727771,83.03258434,5670,5664.5138,6152,5126,166.4227377,0
449.6486342,447.4905663,671.0700878,185.9678413,65.91665254,5640,5629.4264,6250,5128,171.9781701,0
524.2033295,525.0285053,779.4742578,0,75.82870594,5639,5640.5126,6137,5037,177.4936451,5
587.7935718,587.0394938,826.2105783,351.8018903,68.3055971,5681,5682.3758,6209,5079,165.2694587,0
445.5225197,442.646636,697.6027251,145.5720079,76.69095454,5714,5720.8512,6314,5148,171.3078523,0
244.8874693,245.835359,484.1400329,34.47200989,68.18510675,5716,5721.0534,6328,5206,177.965283,0
528.3166067,528.1168051,737.0609585,179.3420084,57.16320249,5675,5669.368,6147,5075,187.148191,0
620.8787039,628.6609155,927.501511,389.9221198,79.04562111,5616,5620.0592,6310,4966,195.0531571,0
532.7357817,538.7868391,842.2043016,0,80.1667652,5750,5748.3162,6334,5206,194.6099165,2
266.4945937,271.6258602,607.6404442,0,76.89945803,5688,5685.9476,6244,5180,163.0004431,1
841.9926237,843.5856746,1118.891497,0,80.04116045,5719,5724.5168,6413,5101,193.3276124,1
530.6250214,533.1429247,808.7030088,2.098041857,83.53698461,5565,5563.468,6041,5043,166.3876852,0
340.2409631,338.8199285,613.8775103,84.37503452,78.34998222,5668,5675.2358,6156,5120,149.6695333,0
541.376165,543.9411741,786.3927003,335.2229922,71.7669525,5708,5701.0878,6220,5188,184.939671,0
419.0213685,418.9601421,654.2246203,240.9256634,62.8393089,5671,5671.798,6157,5037,165.0588792,0
586.7897513,581.7653589,913.5473457,280.0053822,83.13769575,5695,5689.705,6091,5199,152.9148265,0
600.0894096,598.7516021,797.9251996,0,68.73790755,5656,5663.6192,6190,5202,159.9574287,1
539.3453092,539.0371258,802.8045062,35.1878288,79.05133759,5674,5662.9318,6258,5030,183.9136519,0
880.9439937,884.9612169,1163.082692,0,98.32653057,5542,5544.3598,6050,5132,138.8280769,3
625.2944918,629.8689237,860.0267943,278.2243521,73.13359361,5614,5608.7736,6058,5048,155.8469709,0
368.7476889,372.0994126,638.4768297,157.6600382,75.69547381,5690,5686.7884,6216,4994,172.3836582,0
367.171997,368.1246166,608.7545781,112.7736434,78.46748067,5710,5712.0266,6276,5184,183.5611737,0
306.1629126,307.4008683,600.7350049,0.616895015,77.95776682,5630,5626.3588,6214,5090,179.2207534,0
526.1356094,525.4643186,765.4012742,310.1432701,78.57270151,5641,5634.6604,6139,5065,173.6409096,0
315.8184119,311.8847624,567.0255607,51.8863221,79.82836901,5671,5665.2468,6197,5119,174.1022133,0
638.1301189,641.2009081,923.3755875,225.932051,78.08348097,5696,5691.4588,6396,5082,183.347375,0
594.4169651,596.0551298,883.5329918,370.2472944,77.774817,5699,5691.7558,6183,5145,174.5196114,0
482.8922991,488.2125317,769.6128594,191.3069478,85.78474851,5683,5685.1548,6497,5203,169.8910899,0
499.1357787,498.7000541,709.7440867,137.978972,74.48407329,5692,5695.971,6228,5200,179.5223985,0
489.13082,489.8099653,839.3830228,194.72315,86.62553391,5579,5584.415,6083,5089,169.6453423,0
550.7474045,551.2733476,807.5929435,334.9797001,76.62308992,5666,5668.47,6180,5106,166.5926622,0
529.7203257,527.9710237,710.5036922,106.0315097,63.30851109,5605,5615.4568,6169,5145,175.689251,0
503.2040485,503.8611183,718.5138069,0,74.08246787,5699,5686.219,6223,5083,175.9624688,2
198.1690838,196.7121738,388.3914717,20.76227104,60.84106829,5705,5702.3166,6255,5177,161.7352966,0
429.1024702,429.2217047,666.6194948,224.3478128,63.58776837,5732,5715.388,6242,5052,185.4876553,0
734.9052176,738.2251375,957.5603272,0,81.94308975,5657,5641.1478,6181,4969,188.3834434,1
353.2937709,352.6962358,626.5297052,83.59841594,82.86867856,5655,5669.5988,6309,5141,170.8998369,0
568.4887108,567.684764,782.8971581,307.2847325,74.94691472,5710,5704.478,6218,5210,167.765957,0
512.6545551,515.5769482,790.6501602,0,80.65793677,5610,5609.9172,6202,5040,176.1230534,1
535.0550394,538.1411718,776.6446536,351.0348874,71.65975335,5632,5638.6016,6156,5202,143.4972184,0
443.8207046,447.8823321,714.8427689,84.89242831,63.75086553,5602,5589.0404,6126,4940,174.522065,0
379.3587767,382.8932283,616.3781016,78.61244305,81.91513011,5612,5627.7702,6284,5108,190.5070865,0
620.3357512,622.9172925,949.4606859,0,93.96760192,5617,5617.279,6091,5051,162.1586561,1
189.3422337,192.1696567,425.809782,15.8226576,73.62183834,5639,5633.964,6221,4947,169.5517063,0
392.9377411,396.0224382,659.8988482,103.3908158,85.29879253,5727,5722.6522,6175,5191,159.2609539,0
745.9099851,744.864236,1003.035152,0,76.82221251,5680,5667.5028,6192,5126,183.48683,2
613.3362538,612.2153091,826.5608478,138.0279145,78.42859718,5610,5605.6096,6144,4996,171.6039451,0
731.141783,737.0908659,1062.279377,0,83.52403793,5529,5535.1388,5981,5067,139.3014714,1
600.0114032,599.0721158,838.2389569,340.3712881,70.68857156,5740,5752.2846,6430,5158,178.1711093,0
406.3744076,408.3574545,656.391552,41.55193187,72.50269111,5603,5602.042,6115,4871,165.6347664,0
347.3515846,348.7407703,675.6480222,95.64878675,80.41179089,5667,5662.6346,6295,5105,174.3926824,0
1001.759722,997.7546439,1278.428409,558.0413899,87.90143969,5674,5681.957,6358,5138,190.8480719,0
490.1847571,496.465638,833.0532772,246.159456,84.69121817,5692,5684.0544,6186,5132,178.682602,0
148.7564988,153.8683656,373.3815862,0,58.76083455,5705,5698.8088,6167,5127,168.7879695,4
515.8073031,524.0444995,796.4942364,259.834503,75.52496085,5680,5680.551,6194,5192,170.9340387,0
316.5942577,315.0531551,553.7197749,0,72.30589592,5662,5654.2976,6202,5094,168.979332,1
508.5042845,511.7714572,731.2404182,328.25342,65.27862859,5607,5606.4696,6137,5087,178.0502049,0
419.576247,423.2919976,760.9304529,156.7593992,97.33258464,5746,5752.2268,6308,5228,172.2961722,0
415.1074065,416.7513007,690.6057499,7.44640782,80.80773315,5704,5706.9514,6210,5214,153.3483956,0
228.5812309,226.6727764,452.2900366,39.22847459,66.43916106,5743,5735.8568,6357,5227,161.9757324,0
774.1216528,779.1174717,1080.213347,0,79.82191671,5587,5585.995,6231,5007,177.742355,1
566.2901987,565.6360953,831.6489829,321.9408551,81.56149068,5606,5603.6346,6212,5058,187.8301884,0
366.8094261,367.4989822,596.3987619,0,67.83486977,5693,5695.3096,6259,5151,178.3258325,1
486.2847615,485.6559573,713.9489698,214.9875484,71.18363772,5728,5725.8928,6264,5198,164.1154731,0
339.5077069,340.0691379,556.5515402,10.35135151,80.1481667,5680,5683.6314,6192,5078,176.7156488,0
279.3858784,277.7574588,512.6944476,54.07802125,68.22186934,5678,5677.491,6202,5112,165.4465416,0
262.7481435,262.4915278,546.4078782,41.57359958,72.33137885,5658,5653.0456,6142,5120,176.0690692,0
516.4157781,518.8553396,800.9515301,0,86.11761565,5704,5699.1384,6234,5172,167.2624645,1
454.4523097,458.146426,773.0781343,153.6997523,90.33339979,5672,5664.9064,6162,5162,172.633538,0
580.9239042,583.2228335,915.9364767,0,87.51776968,5620,5622.4536,6112,5072,164.8225902,1
276.5305082,276.6172303,596.0154753,59.66249903,72.06103062,5685,5682.9218,6231,5113,146.2981582,0
494.3871558,493.5334768,751.9096539,171.8888287,79.60663938,5641,5639.4446,6283,5131,172.8523287,0
378.9408582,375.9180637,621.6014267,103.8551698,75.14172487,5643,5638.327,6161,5137,162.5167224,0
524.5663754,524.4006924,755.5523268,0,79.1906285,5672,5675.7562,6306,5192,166.9709057,1
268.0847018,273.4976006,534.0472586,0,75.3771457,5634,5632.2832,6106,5084,163.1934478,2
392.1521295,396.2425995,725.4247629,89.35118077,65.76906189,5652,5653.7844,6332,5236,151.5162167,0
423.264891,424.7779267,716.0849731,0,69.52747544,5625,5621.704,6127,5053,179.8591682,5
256.7359079,262.3260366,477.7019564,0,72.85651474,5717,5699.559,6257,4991,189.2000167,1
382.5399517,385.2199205,628.5168375,24.91095553,75.21558696,5660,5657.49,6266,5164,178.412654,0
311.4560514,313.6066598,517.9124626,0,69.88661969,5651,5661.686,6265,5149,174.6707617,1
216.2397346,218.7119042,490.8514727,22.85816511,71.14416597,5644,5643.277,6156,5134,173.2997959,0
420.9446098,426.4117614,661.9928827,175.5199338,84.77071145,5740,5745.7798,6288,5130,170.8691684,0
343.7803122,343.3988854,636.005801,98.73681035,76.82465126,5631,5628.74,6193,5071,183.8045277,0
488.3085144,492.4791087,808.9311672,133.0847172,82.64543282,5626,5622.7986,6090,5036,164.5518819,0
390.1168981,391.0695758,653.5755013,177.4038909,84.4369322,5621,5614.8302,6135,5029,188.2634504,0
524.7259523,523.9092751,805.0589628,267.4178349,76.02433179,5676,5677.6848,6194,5112,171.2333001,0
369.7343065,373.6602594,653.6399511,138.7256565,77.52050955,5658,5661.0408,6138,5164,157.8365,0
516.3029529,515.7224838,742.1527953,294.3634311,63.9050542,5731,5724.6962,6203,5219,159.2338008,0
745.0700318,746.299206,989.0120548,502.9035365,71.19870564,5644,5649.557,6250,5132,172.4581298,0
566.9947793,570.725959,825.2405394,258.3301511,74.84611569,5622,5611.374,6040,5088,160.8833519,0
347.2353896,345.1399815,574.6998828,51.13474449,66.93342091,5660,5662.8072,6346,5140,178.1574439,0
299.2370902,298.0782856,510.8084486,0,62.45911005,5618,5618.4048,6188,5130,154.5662943,1
705.9567672,701.5256851,910.9707608,405.3759788,76.89120154,5713,5712.753,6275,5161,195.7551598,0
369.3635937,367.4189577,586.8140655,129.2744081,77.50270206,5654,5651.9448,6182,5022,153.980911,0
784.622094,790.2128629,1060.113807,531.0066836,89.76760538,5790,5788.7538,6270,5146,188.9439266,0
366.1253456,363.782317,660.3411956,126.8595425,82.42165581,5612,5609.1438,6114,5006,164.2065045,0
441.2424579,442.6490973,737.3094835,236.6115154,89.45881784,5605,5611.485,6181,5069,176.4181997,0
180.5084179,185.4292488,421.5145562,1.541013003,68.52565378,5695,5688.3906,6164,5152,161.4272289,0
460.3812996,459.6645548,690.9673625,235.8278353,71.85689461,5736,5731.5854,6272,5076,190.6332828,0
692.0364896,692.194851,993.4862366,0,90.38593506,5628,5616.2674,6126,5056,178.3963545,3
556.7305216,556.7006498,808.3487568,131.3378976,76.15396578,5704,5702.5752,6124,5246,149.9966704,0
148.1455648,150.5444632,355.9239966,4.629423428,59.37644136,5681,5686.058,6187,5285,169.1141858,0
650.3265926,651.6565965,871.522086,11.68934962,69.23083524,5686,5682.8872,6396,5168,173.8638918,0
554.1122269,556.6002613,870.1297201,301.5526809,81.03196723,5598,5604.0674,6168,5108,157.0119914,0
391.2066564,394.8145659,686.5903624,138.6876841,87.3474336,5723,5725.2424,6339,5033,189.7219915,0
345.1859427,349.0210452,591.1044039,0,77.58007246,5650,5659.5466,6274,5190,170.8185576,2
350.3983766,345.6252888,587.3286357,0,75.86389005,5619,5612.8982,6067,5137,168.2116394,2
272.0356509,274.4045371,571.4670847,34.59862033,72.64382435,5642,5643.0818,6174,5088,164.751543,0
682.0789866,684.3609862,982.6357734,468.0156356,78.53694114,5687,5675.9022,6189,5135,169.2999328,0
823.3567808,829.0752713,1134.113714,591.4466641,90.66193798,5764,5766.128,6416,5122,187.6427979,0
284.4051816,287.1020914,539.8232636,90.95649862,76.82556072,5697,5689.58,6129,5161,157.4115739,0
539.6332015,541.4409815,795.6835995,317.6154367,70.80728372,5686,5685.7622,6126,5230,149.8907757,0
455.3128447,454.1806594,692.7057339,9.685971073,80.626235,5671,5673.4362,6213,5145,163.4289146,0
389.4364792,390.0864607,646.4664295,37.58555067,67.4729845,5694,5697.4812,6180,5146,176.9143218,0
496.2144236,498.2434553,729.4434051,244.8967894,78.31845909,5680,5685.7,6310,5010,184.5658788,0
278.2225676,279.2944245,569.0087863,29.62072935,82.27249278,5666,5672.253,6270,5114,162.1752373,0
718.7193124,716.9290474,965.3109176,222.2974108,78.33682518,5741,5745.1966,6299,5157,191.8434866,0
560.2493988,557.2651417,840.6046475,0,86.37269113,5727,5729.892,6285,5143,166.7943774,3
438.2113234,436.3455993,664.9659164,192.6203931,73.6853691,5722,5737.9418,6346,5214,196.955496,0
447.6386905,447.8180506,718.9854266,190.9143373,70.56970734,5644,5653.0768,6224,5112,172.7009059,0
586.6826857,592.1224683,888.3787853,0,74.16141114,5592,5598.2134,6254,4988,203.0517798,1
181.0749395,186.3563983,411.5912634,1.153493413,65.98289849,5691,5680.48,6213,5197,170.6862853,0
538.8856875,545.4728366,786.7667339,335.2016457,80.25841416,5710,5724.2444,6426,5158,185.2587581,0
615.1536011,613.971714,842.168215,20.71173636,69.40978188,5757,5750.7006,6291,5203,176.7370713,0
426.8874879,425.1182929,664.1800485,0,72.01475691,5739,5725.2438,6183,4915,176.0802095,1
493.219628,490.8616784,857.1305469,230.8441354,88.1401486,5678,5676.1618,6214,5092,168.063278,0
352.6044868,357.8127377,633.8160203,114.0850155,74.59957577,5645,5644.522,6107,5117,169.2016463,0
195.2129637,198.9411965,389.174685,0,58.94072984,5639,5624.5666,6179,5109,164.0143962,1
527.6232548,526.4508991,813.423728,233.9527102,93.12230817,5608,5611.1678,6186,5136,161.0998294,0
788.4967138,782.3043393,1106.09552,456.3010756,91.80871029,5617,5627.3204,6209,5117,168.4627002,0
493.6377804,498.3081719,757.4996317,191.9157549,81.55456571,5586,5583.6132,6216,5072,164.4524952,0
641.1772186,642.5133598,859.860647,212.002409,74.16714051,5602,5605.3846,6090,5078,159.1155407,0
271.8007843,274.4874207,578.7920835,61.13223319,74.33059234,5657,5651.8644,6225,5009,184.8353819,0
296.7572298,295.6028382,529.4611046,0,71.489337,5713,5702.2868,6199,5121,172.8087733,1
382.7512812,385.9497095,679.7396363,152.4868391,72.98845541,5604,5607.9356,6096,5030,153.807695,0
633.5778807,640.9098583,948.070891,394.0738812,89.64870893,5568,5558.1386,5978,4958,159.0690831,0
763.3917769,766.2634279,1021.583527,413.6641795,75.40801417,5722,5718.5428,6232,5018,186.4451763,0
787.2828305,787.5978562,1045.745433,552.5731542,79.72580251,5732,5722.2368,6306,4954,205.0327114,0
247.6292925,247.4761042,542.3377023,0,75.48598576,5644,5641.0104,6138,5146,159.5200924,2
497.3059651,497.2657217,803.5592436,242.605831,70.79864588,5612,5617.7698,6168,5164,166.8841832,0
414.2985704,416.7470217,637.7009815,214.6975219,63.24977899,5604,5608.6902,6202,5144,167.370179,0
353.4893611,356.3727137,636.0188383,0,76.73257482,5616,5622.2756,6122,5032,175.7419792,3
529.6877724,530.1453715,783.4947444,224.6135552,78.69959435,5730,5718.2156,6210,5086,169.2013875,0
476.434461,476.2999469,711.4703998,0,70.83943255,5748,5737.798,6234,5156,177.2111531,1
284.0642991,285.6929072,522.9283236,9.212870944,68.9061969,5698,5682.3714,6180,5118,180.3463514,0
443.3073754,441.2172076,646.9814524,232.9676403,61.12619874,5594,5597.3016,6144,5118,183.2333273,0
632.8160285,633.5108788,874.3434803,117.6138579,76.76761695,5720,5725.38,6278,4978,201.5360027,0
404.710969,404.5428208,646.9981988,186.6650146,79.26758092,5618,5619.1916,6116,5138,167.022928,0
338.8719063,338.7411616,608.1988538,0,76.08576733,5679,5677.3624,6161,5127,162.0956627,1
525.4537038,525.0453481,770.3037757,0,75.92689936,5702,5700.7774,6286,5178,178.1272805,1
711.799538,706.3094419,897.2055448,204.2771867,73.46786817,5767,5773.4208,6365,5221,172.5851086,0
321.2880712,324.8708958,541.9794343,30.51533985,70.22303864,5610,5603.4472,6018,5096,154.7955529,0
522.9888092,523.5801383,804.9731568,29.28185269,89.83585926,5630,5639.5996,6050,5218,150.672603,0
794.8459787,797.7927617,1047.525634,548.8104136,87.31257346,5781,5778.7582,6449,5187,187.512313,0
872.9130019,869.558224,1104.121206,385.690134,81.23840825,5660,5660.169,6134,5206,166.3949105,0
386.9959347,391.3118974,650.975865,187.0235601,75.84229357,5652,5633.7984,6120,4998,159.3740586,0
533.6152704,530.9792386,741.4065952,346.909573,65.12461673,5673,5672.6336,6161,5165,147.0705197,0
408.6626209,411.4047779,699.6550464,118.9603316,75.57083089,5613,5617.5034,6199,5099,159.8014862,0
387.790388,388.1146692,635.6839983,144.0373962,78.62895375,5681,5673.375,6305,5157,164.9793944,0
666.6314489,668.4957977,902.2519879,424.3441281,71.59501537,5688,5696.1774,6366,5172,162.9105869,0
547.6816151,547.216431,786.1998826,0,79.40712257,5637,5640.82,6093,5009,152.2538499,1
485.1924038,489.7918297,701.9271668,282.6474869,68.20493476,5623,5617.6002,6131,5177,149.0734187,0
677.2558883,673.0113906,945.1038576,375.382654,85.11128993,5629,5622.3948,6095,5075,161.3973015,0
721.9615701,725.2588913,996.2433445,0,82.25615148,5715,5726.0234,6355,5105,200.448398,1
316.0412508,316.2363096,583.495064,47.08080496,74.73913909,5710,5708.6668,6192,5256,163.5288164,0
732.1595114,737.1231525,1003.168633,509.9870602,87.76962657,5642,5640.3462,6092,5130,158.6020748,0
728.5259047,730.0344198,1029.855487,302.5107823,82.4882707,5761,5749.6752,6249,5171,179.0979712,0
558.0304435,560.7773084,791.0752859,275.0840528,60.34324688,5582,5591.383,6192,4918,186.1569738,0
529.7582409,533.0548746,827.7724897,254.8463296,84.93944144,5673,5667.6494,6307,5039,186.3563884,0
495.9316048,497.9101546,839.8355965,289.0206364,70.31817371,5682,5682.0342,6452,5114,194.730538,0
600.3075271,597.8350086,861.0797671,273.3475073,84.07047283,5633,5625.6464,6125,5035,149.6744673,0
324.1334987,323.9724033,553.8570808,44.83819545,73.34458018,5641,5635.1666,6105,5135,167.5231991,0
720.523472,722.2981407,990.8934272,0,85.18997884,5679,5676.7524,6291,5147,180.3986704,1
393.7103661,393.1223075,599.6610023,179.1046347,61.78943128,5757,5748.958,6317,5091,191.2136246,0
301.802723,306.5631522,641.2420695,15.77922617,74.16440255,5679,5681.542,6289,5155,163.1062471,0
444.6118383,445.7881168,664.0549009,8.095700325,73.41341868,5641,5644.4574,6193,4937,178.9173384,0
258.9280109,263.3692494,506.2958939,33.72468093,72.92777289,5723,5712.1946,6283,5083,202.4177001,0
390.6436204,396.5415823,684.3638032,0,80.80516361,5680,5671.1006,6188,5068,174.232783,1
183.7987339,184.1404186,401.3531474,0,61.05435815,5669,5657.713,6159,5065,188.6218101,5
176.1379587,181.4048361,414.3160972,1.857162816,62.67332217,5646,5649.2378,6166,5172,171.9731382,0
344.5972059,346.0520282,619.9108427,38.16392926,68.05149421,5607,5606.4218,5977,5089,145.2490512,0
322.7959191,325.9622975,562.2076606,0,73.02559993,5639,5625.8296,6135,5035,165.3586132,1
732.0718152,730.2476705,1032.816583,494.445361,77.85970004,5669,5677.7164,6193,5155,153.0023646,0
448.928693,448.9530274,689.5717494,213.374198,71.98985613,5624,5625.7988,6214,5004,172.5485286,0
174.0445059,177.435188,421.2159452,0,65.01623463,5642,5637.9882,6192,5024,174.6360406,2
197.6179862,202.9209953,457.5857768,35.58386067,67.00925048,5679,5676.9094,6189,5069,175.1531198,0
198.4603463,201.763643,437.2649068,0,71.24798605,5640,5630.0768,6158,5016,156.6710991,1
728.8189982,723.7731416,970.2342108,414.2096176,94.14960349,5682,5686.4934,6328,4894,191.910515,0
495.8452963,497.1613543,776.1654581,107.6062255,87.69657529,5598,5596.4528,6130,5102,152.7404117,0
250.1410735,254.5877764,476.265676,47.22840527,73.71600106,5639,5643.7264,6135,5181,166.1455348,0
395.003381,396.4024711,707.5596335,109.5212383,81.13865628,5723,5718.2728,6253,5197,182.2236757,0
517.3038615,518.5758978,767.8545324,260.0235828,75.0974654,5616,5611.0572,6026,5152,152.7187949,0
745.5339964,745.6498261,949.0945587,244.9330649,74.44762737,5744,5747.7632,6212,5224,177.5254571,0
436.1838074,434.2413908,662.699719,8.467873663,81.50823057,5710,5699.5036,6306,5108,177.7453369,0
639.8868888,637.297447,891.425073,351.0674837,80.57035062,5696,5689.2718,6188,5084,166.5438336,0
262.8667784,266.2038814,584.554237,0,75.31152741,5633,5639.3456,6191,5183,172.7258376,3
705.3711647,707.2980025,950.1955018,169.3314602,76.60072403,5695,5698.1936,6181,4901,176.9090572,0
616.7041761,618.492377,870.2866788,168.5376326,78.11983624,5745,5754.4454,6303,5201,172.2379982,0
443.9483827,443.9759622,722.7369059,210.4530738,81.6753517,5638,5634.1904,6060,5194,157.7018064,0
300.4160043,306.4294698,610.8402386,65.03361609,81.71351701,5732,5728.6066,6322,5134,196.578242,0
530.3777782,523.4141538,750.8017115,231.2299509,84.12246215,5641,5642.194,6167,5097,158.6996936,0
323.6889121,326.7268051,600.7917413,0,75.73059981,5697,5704.3118,6251,5209,158.329387,1
288.5816195,286.5279145,536.5730717,60.12104492,76.92078805,5628,5630.9424,6174,5124,169.8475124,0
745.1005438,743.9799363,989.5371019,286.6471932,85.93232905,5550,5544.7614,6036,5050,164.6388966,0
440.5477338,443.6760352,732.0984773,222.01098,78.77091911,5738,5740.1984,6352,5132,169.0116725,0
393.3086213,394.0455738,650.408365,0,71.32006179,5687,5684.9672,6173,5239,141.8864889,1
270.6949086,275.4865804,541.4658119,37.01486686,73.699924,5712,5708.3554,6282,5188,176.4876418,0
492.6987663,491.1351253,729.524747,0,75.28088605,5664,5669.4244,6256,5184,156.9882132,1
418.4206206,418.8185582,654.6555567,163.6782152,82.78638835,5633,5627.5656,6179,5149,166.7040038,0
355.6813811,356.9325057,659.6030753,123.6060928,83.62009201,5692,5689.176,6225,5203,182.6379923,0
547.7830077,548.5634414,850.0730704,313.7664534,92.55279819,5649,5652.8298,6077,5083,145.6152225,0
487.1717591,487.2995014,754.7117019,201.7133279,85.62524989,5680,5677.0014,6256,5026,194.6355034,0
167.4002581,170.593364,399.3380323,0,64.418252,5694,5690.5546,6232,5234,147.8807953,1
416.7002243,419.184841,673.77424,187.2815014,68.33608147,5655,5666.0788,6131,5187,169.9239035,0
299.3225588,300.2142519,542.681204,34.31117794,72.11462265,5679,5674.9262,6221,4999,190.3958901,0
684.0606629,685.1466181,963.4490795,440.9538911,84.31309114,5681,5682.0016,6141,5187,147.8016725,0
281.0105289,283.2241594,509.5987564,30.51501689,70.92964782,5708,5699.4576,6224,5094,169.7812481,0
358.1520771,357.966764,571.0695483,0,72.86284725,5681,5682.639,6197,5159,158.4137433,1
587.0121788,590.4887812,834.6078885,368.317277,74.59862474,5649,5654.7304,6175,5147,158.1028884,0
809.3647651,810.0612648,1071.877932,571.4470848,87.64058343,5706,5707.351,6256,5050,179.3503744,0
263.9439463,263.6906769,528.8447429,16.18390942,72.32649777,5716,5714.464,6270,5176,161.5259605,0
525.9420629,527.4449319,754.7138264,0,70.4610446,5626,5624.0902,6282,5084,193.1383138,3
828.8413818,827.8434504,1068.354055,592.2175898,71.26268893,5622,5614.835,6116,5174,150.3266203,0
646.7785363,650.1901335,925.2570615,391.2726073,76.74673697,5596,5592.5358,6080,4974,185.5140397,0
298.1659955,303.0364544,565.2645689,73.5822752,73.40956902,5648,5651.2054,6180,5222,155.877627,0
1046.238193,1044.532074,1300.438583,0,83.78419194,5788,5791.2602,6366,5202,182.0928189,1
277.4206242,277.588227,500.4302211,0,70.96311928,5681,5689.089,6217,5199,181.2949742,1
441.8827432,438.5444415,742.876209,105.6118513,82.60366345,5595,5594.1146,6001,5167,140.3628372,0
282.7013235,282.6795546,512.7273978,84.47224788,64.04729412,5678,5675.4258,6257,5103,184.5843306,0
768.9973528,772.7348224,1022.277716,0,89.12592808,5738,5748.2782,6284,5210,181.4411238,1
630.7797932,631.0528298,930.8191058,315.0900143,89.64606319,5749,5746.018,6211,5229,156.9317192,0
541.5999296,544.0865818,846.9842967,0,94.52874044,5627,5632.9468,6097,5079,162.4321679,3
449.9130412,448.8349546,725.3140682,217.508648,82.14018429,5700,5686.5774,6218,5074,175.1046607,0
201.9718996,199.965644,453.8629066,7.075732146,63.18645786,5606,5621.1364,6236,5080,174.3170714,0
591.8041813,592.752015,869.3196813,299.7463416,87.10520511,5727,5721.7666,6285,5039,183.0035407,0
599.1268452,597.1592606,783.2544001,25.06653822,62.2730675,5716,5714.8124,6208,5242,167.776518,0
400.6023489,401.5262309,620.0337738,148.8974632,74.03616761,5568,5561.7788,5968,5060,156.6792975,0
317.0515079,322.431513,618.4668104,46.06583124,84.96403616,5657,5668.9444,6241,5193,165.5087651,0
426.1399675,424.2245908,695.578822,0,79.34899725,5717,5718.5016,6185,5173,187.9256417,1
298.0291624,298.4248628,540.2943502,91.2138779,74.63159003,5689,5691.2262,6235,5201,167.3786427,0
492.3530745,495.7425053,773.3964995,305.0076075,74.74638924,5672,5673.409,6206,5206,176.4260024,0
605.4280608,601.1276945,843.7599915,89.44477407,91.57931056,5602,5606.4058,6082,5182,159.9172227,0
451.2090545,455.1618317,702.9359682,61.53272133,79.20475194,5629,5628.1344,6129,5145,161.63277,0
401.450068,408.5697722,687.3657322,197.4250884,81.75064342,5683,5683.465,6167,5227,165.6917915,0
405.0718979,410.5876874,638.4714473,153.4204772,73.97238939,5685,5689.3832,6267,5163,172.3284061,0
645.2019848,647.4832546,960.7070766,153.3462558,79.54128878,5625,5625.0438,6169,5121,181.605053,0
333.5769623,330.8304324,647.7593634,55.31238176,89.22742916,5702,5704.6444,6114,5266,155.9274163,0
879.909919,874.0236596,1155.204467,491.1199727,91.33575557,5598,5593.941,6066,5138,139.5935504,0
782.2587918,786.1911351,1048.293222,118.9433897,76.75523486,5576,5583.6496,6082,5066,175.7709021,0
596.3957514,601.1711693,944.0179737,263.282804,78.94527426,5587,5583.2222,6035,5107,153.5329926,0
389.8348039,394.9243576,781.743264,105.0936383,89.9974952,5643,5638.7306,6153,5205,149.2949719,0
1042.589021,1046.453137,1362.674824,614.1549459,74.8363812,5663,5676.7886,6319,5227,175.3605671,0
441.3104872,445.4965258,695.6020131,252.624547,68.69762175,5737,5743.2402,6335,5147,173.9025276,0
541.2151733,541.7114718,757.7442688,314.6654932,78.23825495,5675,5677.1022,6197,5223,149.1995347,0
258.3291895,258.8047561,555.8614291,0,84.99405555,5640,5638.3916,6178,5056,179.0935383,2
477.6371811,479.4920982,648.3264236,140.3740832,55.64562212,5710,5704.4234,6246,5172,184.4223466,0
684.4159849,685.8478421,918.922578,421.8955059,81.79434523,5572,5570.0224,6104,4948,157.8570375,0
350.7174153,354.6643545,652.3760137,123.4307085,80.6635342,5689,5683.9146,6281,5055,185.7974809,0
692.820137,690.8727611,943.8945475,322.3215658,84.45028706,5597,5603.3708,6123,5033,174.1817353,0
580.9214538,583.5555756,876.5660931,331.9030862,77.34201496,5727,5729.6848,6239,5243,167.6260548,0
259.1251224,262.0179815,485.5995709,43.63982283,65.9636815,5699,5699.944,6235,5185,151.8012624,0
406.6275318,409.1356665,697.8875599,86.90800549,76.71305952,5613,5616.2236,6117,5095,180.8090739,0
521.2141662,524.6295856,774.9644529,296.4569827,78.59986334,5621,5604.1488,6225,5055,165.3350062,0
677.2349463,676.859248,883.8836432,0,77.05882285,5576,5572.4144,6064,4996,176.5520962,1
337.2403618,342.8396139,599.4276783,0,79.76355668,5688,5690.9784,6278,5210,158.5058192,2
423.5344291,425.4154186,665.5254735,192.2020069,78.69039769,5737,5739.2442,6281,5249,170.9320496,0
448.8748394,447.9961516,704.2661665,163.7439843,80.45718429,5690,5698.48,6228,5130,167.6812285,0
878.7120122,882.2393849,1110.588442,651.6479891,77.81108584,5709,5702.5118,6127,5197,171.2695713,0
645.1033986,650.2413345,926.1332943,412.2545035,76.09741388,5726,5726.6236,6326,5214,168.886281,0
235.3470078,236.4509906,450.3748285,34.73704245,66.09569617,5655,5648.5664,6123,5153,166.2499804,0
285.7116604,289.2487032,492.6306886,17.26068633,69.50912743,5637,5639.1138,6259,5091,183.5138127,0
401.8606812,402.6408801,649.6902921,84.06909451,79.26165107,5615,5601.095,6195,5005,178.5454569,0
404.662876,408.0719839,670.5573909,183.6961954,78.62774911,5699,5696.972,6187,5135,171.736638,0
593.3004634,593.4306425,834.368542,341.4322151,80.1814844,5625,5616.2232,6131,5097,181.0536666,0
435.0649109,436.2667652,702.8387679,124.5118406,84.83585087,5729,5726.6354,6301,5179,179.8589388,0
704.6479052,703.2735559,964.0808866,7.483415144,74.54023304,5648,5642.7624,6192,5118,169.435204,0
718.3975334,723.8528775,1001.021221,314.4537347,83.28490375,5605,5596.125,6251,5109,155.7126237,0
367.9560817,374.1700146,658.7319188,0,77.38345073,5676,5681.3102,6154,5202,165.0126267,1
782.685922,783.2764373,1055.590884,446.2743346,88.13707567,5728,5723.7582,6276,5128,188.7725264,0
497.2547577,501.6761126,835.3253914,0,86.38600852,5556,5559.8434,6056,5038,185.4664559,1
501.3363181,503.5982227,751.9363239,214.8645817,77.3760723,5633,5632.0646,6259,5003,188.3134914,0
435.3835748,434.8694658,679.2680037,215.5305287,72.35848225,5753,5743.8546,6375,5117,172.500777,0
334.6785409,332.885365,588.7570655,0,79.66861106,5626,5616.4532,6154,5062,173.1483185,1
614.509428,614.5900258,843.3563326,358.1219814,69.97835613,5657,5664.4594,6175,5111,163.4709275,0
394.569751,392.4087523,678.0490343,81.48438631,76.8086769,5667,5675.9888,6217,5115,164.954192,0
332.5129934,332.1576077,577.3085026,30.88347291,75.59661442,5649,5642.5964,6105,5099,169.1046785,0
369.3414887,369.5414601,599.9345682,83.63632866,69.85853047,5632,5635.9196,6172,5112,141.3796136,0
331.5651115,336.5801227,588.7627234,126.3862933,75.31188718,5605,5599.6652,6331,5043,171.8660127,0
364.9071183,362.4426674,633.5491791,0,73.22235712,5658,5656.4154,6186,5174,158.5038291,3
336.631161,337.4994641,534.8647232,69.13719174,70.90073152,5639,5640.5064,6283,5029,182.6772924,0
390.4835413,393.8913958,627.9232405,0,74.86006292,5649,5653.6284,6103,5031,168.6113315,4
973.8462915,973.2437538,1257.103328,675.3311021,84.2567525,5742,5736.7768,6234,5206,168.1919754,0
442.1215784,446.0759327,767.9847961,0,82.23436963,5658,5668.7568,6196,5150,174.6400689,1
542.018424,543.402719,821.1118934,0,80.22826428,5642,5641.4838,6086,5050,164.9206729,1
508.2993806,509.8952055,782.5738432,275.8354093,79.69864076,5687,5680.3294,6237,5053,174.0753914,0
320.8016837,321.7985908,533.1825977,109.9055606,77.15640681,5692,5681.8802,6172,5158,173.3670731,0
509.9256775,511.4779117,740.7142085,277.4492945,74.31602646,5582,5578.8094,6126,4948,168.9445012,0
453.3115406,455.3685934,694.2581863,54.27926044,74.21069789,5695,5681.1668,6247,5135,166.4096589,0
587.9393649,582.3009062,793.9278182,311.5565711,78.71177705,5668,5669.3564,6186,5076,170.6607752,0
514.6865535,516.2341122,782.6963705,85.30633599,70.77570414,5556,5560.0258,6056,5054,173.9157927,0
398.9303792,401.5207269,637.3004371,0,70.86459837,5647,5644.15,6141,5155,156.1796578,2
392.54061,395.6828541,703.0186761,120.1705999,92.37868434,5604,5609.2916,6218,5116,161.537871,0
434.1582545,431.1093807,684.425586,202.4038368,73.14908904,5700,5700.5066,6166,5182,171.1400449,0
510.5537479,512.1166157,830.1892035,102.8801266,83.93351443,5680,5686.1456,6294,5160,183.642384,0
482.978207,483.7227554,756.8676959,159.967292,85.19985719,5617,5620.1118,6221,5125,161.4561746,0
558.9699773,562.0638027,783.5156679,94.94962464,65.02910292,5640,5638.6178,6172,5104,178.9500789,0
238.8923114,237.1344522,450.6807646,0,70.57471312,5622,5617.8928,6266,5068,186.8117012,1
587.1697138,584.5365455,848.5712432,0,86.22775946,5716,5710.2272,6256,5124,166.9529047,1
729.4105466,730.8876037,997.2319236,193.1628595,87.87973057,5768,5742.1702,6308,5156,198.6221303,0
339.4410901,340.7120945,571.6807793,75.84147742,74.93031164,5658,5650.2362,6120,5174,163.1719431,0
467.6236295,466.3392968,664.9900943,256.1171687,65.50443168,5621,5626.2466,6199,5021,153.5991744,0
180.1696366,181.9635283,359.4488336,19.98523432,58.85528044,5627,5624.1032,6141,4985,180.4479885,0
982.491491,975.6134893,1194.887112,450.3838086,81.38114756,5620,5615.0284,6080,5096,160.0635399,0
570.0956871,572.0441778,836.101955,158.9500608,70.88060654,5739,5732.6884,6327,5079,180.6019859,0
437.5062655,440.1620914,725.094879,239.7770628,75.22983309,5629,5621.8396,6031,5079,149.6377061,0
395.537414,397.197638,740.120124,135.8485555,82.41894969,5630,5628.045,6086,5152,153.2496081,0
306.3924295,308.80119,572.5892537,73.41677545,76.70924726,5624,5633.1998,6164,5080,168.9317498,0
411.0973846,413.6968478,654.8866432,178.0412817,72.55406325,5656,5652.0764,6106,5154,155.736451,0
746.4380212,743.5101708,1008.928758,485.9788543,88.4556162,5670,5673.3458,6134,5210,156.7459563,0
606.3777669,605.46079,880.1152238,0,75.3612469,5654,5655.5516,6178,4984,167.1601859,2
354.0415407,354.2477288,602.8990554,0,68.93203105,5665,5674.9232,6223,5145,177.1040093,1
266.5110609,269.6836424,529.3086315,48.56396457,66.7459009,5661,5664.9856,6259,5047,171.3605876,0
600.0209265,599.2526508,885.1277116,331.8232503,87.93726448,5635,5643.2322,6225,5065,191.3969929,0
1010.94001,1014.430518,1362.537576,0,98.90921059,5757,5766.5036,6415,5127,206.4703388,1
545.8310057,544.9041579,785.5224937,0,75.97385258,5577,5577.3598,6049,5061,146.8170935,1
507.3265879,505.9667705,771.1221006,255.4961681,80.84414414,5659,5652.7294,6133,5077,175.8784193,0
460.0422879,462.6611792,715.7251928,253.8814224,73.43465081,5618,5622.9892,6134,5042,175.1086517,0
509.1705202,509.4416682,738.1284427,264.4919406,72.36347838,5732,5738.081,6302,5240,186.1346379,0
598.407528,599.4787101,856.8170573,351.6521472,78.52847715,5644,5636.1982,6102,5092,165.3354587,0
611.2805704,612.8144488,873.7819385,50.05483399,80.15931271,5550,5549.801,5998,5056,144.0511715,0
690.2364861,695.0357937,1037.983331,155.3758594,83.1862571,5695,5688.1138,6153,5111,154.8965043,0
370.0380164,372.5591654,638.4340553,134.3173189,73.20444483,5644,5643.0438,6076,5102,149.017869,0
379.8640234,382.9139178,596.7901247,147.5945917,67.26672192,5729,5736.5408,6295,5287,165.7948598,0
382.158178,383.8475247,597.5848459,25.99266157,67.09595239,5587,5594.7756,6167,5027,182.1255832,0
354.4999542,351.3077862,637.8560276,76.8834513,75.17644064,5693,5686.6448,6249,5087,166.5152901,0
672.5856625,671.3650457,873.0331075,461.9392318,77.42728127,5599,5611.9138,6171,5167,156.4897945,0
539.686282,542.9973102,780.5189001,305.768194,72.73201216,5581,5565.5026,6061,5049,160.2198408,0
605.6605803,603.6085218,864.4065947,89.55267573,71.69243739,5550,5551.5562,6020,5098,152.1662178,0
680.2442968,678.0021697,928.2093358,448.4435238,82.5294898,5620,5623.0798,6162,4994,180.6852491,0
560.4482504,561.4923988,803.9038617,84.11799774,74.17351394,5543,5547.5128,6079,4965,153.8451021,0
650.5319961,653.5541654,864.9832906,0,69.19020753,5722,5719.7954,6258,5028,177.4195055,1
165.1228051,167.1637433,446.6845776,10.26430108,64.63196577,5662,5653.6394,6262,4994,189.9680878,0
418.8316198,424.4170036,669.9547708,169.9705984,71.50962835,5589,5583.6896,6071,5141,157.425514,0
418.5307245,420.9935294,706.1404028,136.9677857,78.34491362,5603,5599.285,6253,5091,177.664898,0
404.1207754,400.8203384,706.7055221,144.4953222,83.07577297,5600,5611.997,6052,5136,153.6207004,0
517.9754876,516.6233201,726.8205894,302.816507,73.31550145,5716,5710.0448,6182,5074,172.740389,0
445.8757326,446.3710629,657.9422382,82.46588081,69.32502946,5616,5616.2052,6138,4996,184.7095999,0
398.3418858,398.2396497,607.0126682,40.43932995,73.73290762,5635,5631.1222,6135,5053,161.3379554,0
295.5628884,296.5853891,557.2781735,56.68218707,78.92453373,5678,5674.2504,6218,4990,189.1622195,0
457.582808,458.9801471,744.0494873,167.6862384,78.5554866,5755,5739.8334,6317,5261,175.0924174,0
979.7678106,975.105907,1177.938628,285.0688704,70.13451175,5762,5774.1898,6318,5252,195.371872,0
324.5763868,323.8711515,611.2109336,41.80938256,78.08218372,5682,5679.6334,6206,5040,156.2462556,0
468.8697375,467.6903674,671.0269211,0,72.49604943,5602,5602.927,6154,4980,176.3780924,2
850.3738653,848.5398224,1067.493016,571.7567432,82.80876338,5675,5683.718,6301,5049,203.92302,0
357.8267682,359.7133195,588.4760261,0,76.15260853,5743,5750.9976,6357,5247,181.5191163,1
521.9225629,522.5052863,760.6565556,311.9705095,71.7309878,5641,5643.0406,6119,5213,156.3737381,0
902.6505336,896.6180641,1143.570847,0,87.34248585,5760,5754.6722,6334,5224,163.2880074,1
488.5774066,493.3201711,772.081031,119.4804715,79.06110911,5661,5655.3928,6153,5073,170.6624672,0
364.3761758,363.9892968,572.8819114,0,66.42773176,5672,5667.0488,6130,5094,177.1163257,2
806.568217,803.7150576,1067.886809,156.3266539,73.33238054,5637,5625.6404,6163,5007,174.7524589,0
325.5905634,329.8786352,547.0921197,0,64.96662749,5733,5731.222,6285,5243,181.3801144,1
301.5677031,299.1480857,552.2337215,83.17422349,72.06135881,5715,5719.6178,6269,5217,177.0760524,0
1074.154456,1073.993331,1314.134248,721.9503205,74.3390195,5681,5681.258,6145,5145,171.222498,0
651.2048705,656.2117175,908.2495017,406.2600989,81.74555086,5775,5761.2582,6283,5061,185.002982,0
321.7225048,325.3605344,565.043817,91.20779291,74.13951697,5669,5667.3836,6229,5111,171.3588657,0
853.6354561,854.4800272,1163.735649,594.2221966,80.75708307,5684,5678.3632,6242,4960,178.9789465,0
446.3728773,452.9267253,756.037748,219.8642847,87.64616097,5659,5651.3832,6093,5075,162.0165608,0
274.4255939,278.3246367,542.2371836,38.72939931,75.92037898,5678,5677.885,6204,5132,159.6805711,0
289.850882,293.5875312,550.061881,56.58644784,77.82473422,5676,5673.5788,6286,5116,187.7451725,0
320.2545236,323.4017883,652.4228395,0,80.44233909,5632,5646.9228,6332,5090,183.3744727,3
738.9116848,742.2187689,985.641284,506.5665067,68.28676783,5788,5785.992,6326,5168,185.2294187,0
301.1894418,306.4520401,562.4159729,92.33623706,76.98209441,5634,5632.2284,6104,5138,162.3197974,0
547.4424017,544.2621821,811.6496888,190.7318953,88.1508966,5779,5774.6938,6291,5211,175.3036527,0
526.449064,531.2380235,834.6012832,203.0658478,85.39243114,5710,5712.3782,6206,5190,181.9604038,0
402.4664618,404.9412773,650.3940854,168.7680612,75.66280667,5698,5694.9982,6118,5162,154.6864803,0
441.6619075,443.4439645,702.5009307,0,82.89083404,5732,5726.921,6266,5124,181.1355144,1
438.1599233,429.1899674,666.6181573,89.0763376,93.01817995,5759,5757.1096,6313,5141,174.156378,0
679.4975013,683.0981364,931.6892827,355.3308188,84.16305478,5628,5630.2174,6214,5132,168.4702951,0
478.454292,481.2570091,763.9657906,210.8100294,87.66316879,5668,5667.292,6238,5056,194.4897579,0
480.0606842,484.8931394,699.9955677,276.2679661,66.24038474,5630,5631.0202,6064,5060,149.0264473,0
328.3213701,332.2665923,599.6418048,65.71136189,89.90993005,5679,5679.297,6145,5175,161.4585823,0
396.1941637,394.6914973,622.4180471,137.5724849,77.77037407,5668,5670.0506,6232,4978,172.2449101,0
692.7059613,696.0938129,950.9250544,435.3846056,84.80612333,5757,5768.1088,6475,5069,190.6815066,0
773.1624233,769.9184732,1014.210245,133.6434881,88.17877635,5714,5730.6392,6228,5258,163.3793507,0
468.4789834,467.011985,767.0008612,59.34413667,76.71346453,5603,5611.8062,6213,5099,164.0442941,0
771.5721751,772.6069386,1059.750224,553.3949076,78.4817248,5732,5743.11,6304,5142,198.2262886,0
441.6124883,443.7621945,721.1367684,0,79.21230928,5683,5677.0804,6205,5091,170.7304447,2
696.6356466,699.5799388,995.295866,409.6992442,86.48956422,5592,5596.991,6100,5092,171.3864683,0
430.9894016,434.0196891,657.0782549,161.3262344,68.70011265,5628,5623.7174,6240,4908,181.016403,0
318.3826334,321.2496098,565.5252859,0,71.24290001,5603,5602.452,6103,5061,157.6622862,1
384.7861389,380.6726631,629.3848093,169.2866444,74.34779935,5602,5614.7564,6240,5024,175.9714973,0
807.5854172,808.3383315,1039.449033,0,75.42675554,5586,5583.4636,6022,5080,167.6679226,1
368.1481585,367.1711499,633.1178873,100.1392227,77.19459079,5667,5664.8716,6327,5009,180.5293713,0
348.6561957,352.366524,614.3671528,0,76.67090031,5633,5627,6149,4995,178.9239436,1
399.1947209,403.5944276,643.5501782,0,83.55937357,5748,5736.435,6338,5138,193.1105217,2
380.2397867,381.9624687,638.303004,0,79.1771565,5619,5630.6256,6299,5001,175.8470353,1
698.8433596,699.3190619,945.7383022,185.5675489,77.45025425,5635,5635.8578,6159,5087,181.1493168,0
592.9785315,594.5815844,904.282763,280.8025485,87.8598534,5691,5682.0614,6243,5201,177.0570649,0
488.8300052,490.9972881,763.4562185,165.171382,65.15275874,5698,5697.9798,6352,5106,194.4116005,0
503.1037818,509.9125493,773.3373657,294.3551536,77.06924568,5768,5759.2788,6331,5109,177.9079174,0
549.8019035,550.1680309,818.0564793,81.49670474,83.1515178,5628,5631.615,6146,5050,166.4465181,0
749.2134155,749.5268291,1041.430145,504.1580352,81.47840715,5707,5689.1442,6237,5127,176.7157164,0
377.7653899,379.7124303,625.7222784,153.8484187,76.77587687,5635,5641.2808,6231,5107,160.8203257,0
379.7299318,385.3581322,674.951427,159.1618083,81.41200809,5690,5684.8412,6268,5128,173.5139706,0
490.1233676,490.3045863,686.6141174,295.3190032,65.65921822,5742,5735.4362,6258,5050,170.925308,0
366.7262816,367.5653286,569.6504335,116.395953,66.80231258,5686,5689.187,6280,5098,182.9253931,0
272.590362,269.6035162,577.229925,0,79.44040434,5697,5692.4372,6271,5095,198.8208361,1
307.3808657,307.3043428,513.7764969,49.62233721,64.79576446,5672,5676.7774,6152,5194,175.419828,0
718.5210546,723.4490238,928.9241174,0,65.85797997,5735,5728.2146,6251,5171,176.9019671,1
403.4749249,396.4039035,607.8999161,139.5999074,79.95904824,5653,5646.9082,6083,4937,157.4180014,0
472.1460104,472.4656457,716.8465463,0,77.1469983,5613,5615.091,6165,5119,170.0012921,1
606.9555213,605.0746054,922.3850344,338.704933,82.35899272,5674,5673.5216,6174,5142,172.2511513,0
1020.011261,1019.185382,1225.989823,669.9120131,73.97946571,5583,5576.9762,6151,5091,155.2268296,0
341.9657819,345.7992194,533.9947451,36.94728518,57.94737801,5620,5617.3006,6126,5114,177.2651823,0
478.7845484,483.808643,743.0340158,105.0048086,81.39435728,5783,5777.5316,6299,5053,168.6563957,0
650.3789346,654.5180643,926.6077895,0,90.56588,5708,5716.6096,6406,5124,185.6731978,2
417.0082915,413.184986,653.9784179,0,85.33107405,5677,5672.1748,6145,5167,166.0409463,1
748.722615,745.4043233,1023.952103,0,92.44370751,5579,5581.7646,6083,5079,166.0731134,1
186.183918,187.6927131,378.2850697,27.9850051,59.82439738,5638,5642.6294,6314,5124,172.8918907,0
430.9813551,433.3465559,676.9018408,139.3138272,73.52059947,5656,5653.2336,6144,5252,158.9749661,0
485.9342405,484.3637399,703.5074167,223.5397687,80.54665169,5695,5699.3478,6263,5101,195.8068728,0
316.5226279,319.6101686,593.5417296,0,80.49219876,5636,5631.7904,6226,5144,158.563653,1
396.3692301,402.4666277,665.121278,99.27736324,84.09490022,5628,5621.8658,6150,5032,180.5015944,0
803.3106628,801.0981028,1028.770572,534.4012357,79.22840481,5566,5558.2554,6098,4930,162.5712692,0
505.452607,505.6032089,728.9416065,212.3205542,75.95362883,5660,5660.4756,6216,5148,176.2729049,0
539.1945208,537.8862215,823.3025387,210.5202831,82.7818806,5665,5649.7016,6183,5003,180.9106535,0
744.8410983,741.7035391,1025.604246,177.6674939,87.50331813,5723,5724.0314,6273,5207,188.3224783,0
535.8185072,536.9410246,803.0261996,276.7553208,85.20002165,5673,5675.3096,6197,5175,146.4771851,0
149.5520815,153.7153434,337.7999355,3.617270617,56.25040871,5645,5641.654,6095,5087,161.4248862,0
833.9732897,832.5716488,1185.309221,10.21098585,87.78504667,5758,5757.3958,6254,5246,162.1741513,0
167.3030811,169.1046863,367.3878934,2.513300633,62.80058218,5698,5697.173,6282,5072,162.8854213,0
577.6713996,578.7426429,808.9271193,323.445393,75.88172299,5640,5633.5592,6106,5098,152.7489735,0
608.5335874,613.8074641,881.9423307,428.4536109,63.59978546,5586,5594.5434,6246,5068,167.2869855,0
626.6348593,628.2618301,952.4583015,317.0255091,93.0032565,5711,5715.7954,6335,5175,189.0426612,0
439.0870987,441.3078248,697.2222947,237.4137429,69.86865207,5696,5703.3256,6210,5166,160.1963832,0
213.2598176,212.7770219,451.8676034,0,68.26134085,5636,5642.3126,6194,5100,166.1314476,1
241.806637,242.5048486,506.5932239,19.83099314,71.06974828,5682,5672.5248,6338,4978,180.0729868,0
747.2026816,744.2287749,978.1786641,165.0261061,80.83616128,5593,5582.8052,5981,4945,161.2939393,0
904.6831924,904.6766006,1132.305707,648.8728107,72.68220586,5685,5676.2816,6239,5217,152.1624602,0
436.1832746,439.7059294,655.9497479,194.8097888,64.14272642,5748,5739.6606,6258,5142,164.1792837,0
563.2941332,563.1879306,805.1068494,318.3936603,76.96296519,5699,5696.1638,6229,5125,177.1791872,0
334.1548123,338.1211094,618.8302174,102.6763036,78.43027532,5640,5642.4274,6124,5152,156.642531,0
251.6616486,251.5031811,475.84233,60.74311209,70.03271726,5669,5670.6432,6269,5019,186.2595026,0
388.8007946,387.3737867,625.092823,0,78.41356549,5709,5714.2196,6297,5135,176.5788724,1
522.3541615,522.6872241,822.6845964,205.7030383,78.26656281,5632,5641.0486,6072,5178,144.5951951,0
598.3106976,598.6732716,899.9257179,112.3755794,75.76228568,5667,5664.1782,6223,5081,177.5170737,0
404.4987973,404.7874798,596.1888467,0,67.86519214,5694,5692.049,6256,5054,192.6375322,1
736.7592767,743.9871442,996.7875584,375.3261506,81.11949649,5634,5640.0912,6178,5050,169.6541013,0
548.049248,548.9007017,811.2551323,319.3904878,85.63067934,5679,5671.659,6233,5133,173.7756891,0
332.1601486,328.1672675,598.9511763,66.68690847,87.3195463,5725,5709.0754,6301,5017,191.6688381,0
647.2569282,646.1517659,873.1440367,0,79.85426881,5591,5589.7694,6169,5105,164.9422409,1
474.0525187,474.3803013,698.8916143,175.0457312,70.07437398,5759,5763.176,6267,5233,169.1080868,0
443.3497424,444.7157428,692.9978483,193.7792015,79.40072045,5691,5692.9192,6295,5207,155.3756116,0
226.8677862,228.7234015,498.317098,26.33552357,68.51182727,5651,5642.3462,6161,5001,178.5026951,0
202.2253108,204.1469577,451.4997465,33.2258034,68.78720416,5628,5625.1654,6130,5176,156.0924618,0
384.082994,389.8023558,642.5205547,37.59329758,79.38735025,5699,5705.78,6303,5169,172.0179421,0
700.5739605,705.004751,969.1773595,102.2608504,69.8469047,5632,5615.1292,6048,5032,157.7970016,0
670.3242165,666.8889144,945.8814212,0,82.95771291,5604,5611.2724,6124,5160,152.0814709,1
333.6003217,333.3218606,588.216284,0,65.90813021,5649,5653.2744,6143,5143,163.3835754,1
659.8233294,658.4268064,928.2264933,0,76.78880485,5641,5653.8578,6141,5237,155.5233917,1
572.7303614,577.4540172,875.3165097,0,84.62147756,5715,5715.9596,6393,5193,194.3206236,2
310.0325897,312.2484369,586.2175464,94.95488868,78.8377269,5648,5650.5786,6156,5230,154.674241,0
586.1497069,588.5241538,852.5117007,257.1554593,87.73665813,5713,5717.7264,6459,5073,186.5810846,0
485.9239715,492.1199154,762.1361079,278.0402847,79.69540803,5627,5619.398,6141,5087,166.349615,0
231.5997388,231.429442,476.2926395,0,74.81849561,5623,5628.4068,6215,5131,168.3058125,3
259.8704882,264.4642195,506.0071247,57.77816395,71.68868395,5655,5655.3448,6257,5153,155.9794663,0
605.3045375,603.3754312,839.6805564,279.5184149,77.95730428,5747,5743.9826,6319,5121,188.2935084,0
310.23556,315.4933808,537.7486943,103.3094958,74.24127809,5649,5643.267,6223,4997,181.5893243,0
894.9381548,896.4703746,1227.884109,33.42099086,80.19312582,5582,5582.0882,6092,5056,146.874411,0
466.7586021,466.2019753,734.1030038,220.6760804,80.4846682,5711,5705.9106,6197,5121,170.740526,0
397.1193131,398.4600959,664.8537723,155.7250087,70.67059516,5627,5637.809,6197,4995,173.2916049,0
479.0150672,478.0691196,763.1209827,0,93.81568394,5615,5609.935,6113,5067,164.9846556,2
344.9239254,346.4946734,559.3605638,116.3024526,70.11377137,5718,5703.8126,6184,5118,178.1763657,0
270.835238,272.701361,495.0901016,40.17394455,71.17762571,5626,5622.5504,6106,4996,167.4700554,0
377.5546294,381.5863245,655.0807809,0,74.12671643,5670,5672.9934,6362,5144,179.1784205,1
299.8325807,303.1061571,545.9208598,51.77183473,81.92871982,5661,5658.5102,6139,5181,158.1267963,0
495.1646797,495.6012558,752.8372165,214.3235839,78.21041188,5669,5679.5506,6215,5147,164.0197367,0
498.1540854,499.0224561,723.2034558,273.528229,74.67150301,5661,5656.6614,6195,5003,173.0002016,0
700.1454695,701.1916159,931.5198278,472.4909809,77.98288292,5705,5703.0788,6169,5135,158.8165186,0
330.3628905,336.9949636,616.1649701,114.9245855,79.0797698,5701,5694.776,6263,4931,189.5216806,0
435.5325707,437.3972938,681.3371576,0,63.85660952,5684,5675.3598,6286,4986,196.1362081,1
409.8657622,413.5263778,708.9646394,98.56284394,72.6775142,5725,5716.5924,6167,5077,168.2469574,0
828.7339476,827.5830657,1113.194551,486.3301202,88.98077103,5771,5775.5862,6411,5101,190.1286763,0
346.5516854,349.6166502,630.296824,6.901173205,75.45286846,5644,5645.5894,6144,5074,171.1371795,0
278.1069597,275.4831447,569.5800007,39.43675834,73.95921527,5648,5652.1792,6296,4830,188.6064047,0
295.0783715,296.4356688,529.463946,7.870501439,75.65788302,5699,5696.029,6253,5113,161.5258467,0
480.7047498,476.880502,820.2056756,208.882743,91.0117427,5646,5649.488,6176,5080,171.4105278,0
293.4227547,294.3831598,537.0566645,0,72.7583818,5668,5658.082,6202,5172,153.800064,2
609.4479398,611.3970497,875.8970585,320.9585136,80.31385131,5584,5577.5714,5988,5086,145.3783034,0
583.3269768,581.4737289,872.7831241,143.8064953,79.18559588,5680,5683.2938,6190,5250,144.1377705,0
288.2646155,286.3855308,543.9566004,41.98373188,75.10572294,5597,5610.6278,6105,5061,158.6786245,0
381.3837568,382.5550207,640.173703,159.4966059,78.19399547,5582,5591.0506,6098,5052,166.0463593,0
621.6130764,623.6903535,847.9484607,313.2923472,73.1839289,5702,5694.4888,6240,5088,195.8956954,0
469.9282651,468.8002139,709.9622109,0,77.706313,5715,5713.4682,6181,5093,169.3650814,1
787.0929555,791.6669709,1128.648361,355.9578785,99.50004255,5676,5669.4228,6203,4957,181.8376849,0
495.6562316,499.0593913,726.6671666,281.363694,68.28869341,5762,5760.9028,6344,5278,168.4442892,0
531.6278599,538.1409419,796.3652802,0,87.23062019,5621,5627.1328,6151,5179,164.7629448,1
722.5360636,722.7015558,962.7888765,430.9035207,78.38601418,5668,5645.9472,6170,5022,201.4403684,0
570.5919425,572.8359954,839.5325298,345.4578542,75.57206182,5630,5630.4178,6000,5060,153.2917984,0
472.2526542,475.4149784,785.7844963,135.045406,77.81981226,5618,5605.8776,6128,4978,179.5255264,0
577.12048,576.8246382,817.5077699,0,66.61558794,5672,5681.0952,6232,5168,183.5770392,1
434.8860405,435.5648098,671.9492608,67.75487504,73.62797127,5749,5743.4884,6399,5131,189.4940312,0
461.105399,462.0035111,696.4333227,0,71.64717557,5690,5696.9386,6286,5118,174.4355819,1
756.8264884,756.7725093,1018.806681,423.9304875,79.38593814,5595,5587.0068,6153,4933,184.6791465,0
508.4289967,507.8197176,740.4341513,94.30378509,69.24925392,5652,5646.2278,6286,5094,151.4322677,0
234.3821722,236.9491109,465.6536592,23.25310124,66.72544196,5674,5669.9766,6354,5220,165.4227622,0
269.4422293,270.304203,497.3809119,44.35207296,71.43612771,5664,5649.0926,6196,5040,190.3437276,0
487.7304082,486.1919687,681.8645982,130.6976728,71.44341511,5692,5691.6546,6234,5064,181.2202668,0
439.7424991,441.208332,733.4659774,230.0713116,74.39077829,5591,5582.2876,6047,4761,178.868798,0
556.8846962,556.4885398,825.888413,299.0076812,80.6735709,5737,5728.0588,6343,5183,177.6054361,0
678.8230431,681.5805169,975.9915747,393.2447021,77.29628513,5576,5577.6174,6062,5070,162.0593065,0
669.8443621,670.3673024,946.215709,184.2298585,80.00639442,5693,5683.7984,6221,5183,177.5989802,0
446.3691561,446.7033508,743.9755592,0,82.59250244,5626,5628.6866,6146,5054,163.7154097,1
463.2173191,465.4810151,691.4793231,40.06277912,72.07371074,5742,5735.8518,6264,5128,182.8135773,0
401.0293667,402.4652604,615.4303439,0,71.62439369,5670,5677.948,6206,5180,160.3414647,1
313.6632789,311.9481569,579.6098039,0,76.76579995,5635,5634.0194,6249,5123,165.1519507,1
508.4129594,508.6663874,744.0364379,269.7167031,77.34530979,5662,5655.9546,6208,5044,161.3046631,0
508.1692919,507.0638671,722.1097928,0,79.74583027,5626,5623.1078,6180,5134,180.1947735,1
977.8975999,981.1439992,1262.060097,227.091052,78.66800279,5637,5629.9152,6219,4941,181.1785948,0
397.9905343,397.9461446,623.8677602,160.2064425,74.83800415,5659,5662.4078,6239,5059,173.8455041,0
718.5567989,715.8986652,932.4080573,486.6663223,75.86603395,5619,5621.7648,6147,5089,163.7773754,0
485.1936912,489.9336094,768.8540739,266.1044784,73.09240531,5586,5577.911,6068,5042,176.1714315,0
347.9556615,350.3916185,613.9493238,51.56725693,77.69306066,5641,5641.5114,6169,5039,183.6742499,0
539.0513059,539.6343426,768.4702537,98.87803919,77.55206145,5551,5550.519,6085,4983,160.5655437,0
523.1683496,525.5082086,819.462343,199.2904513,85.51627228,5665,5658.1554,6261,5193,159.9683089,0
463.1535009,468.7290865,752.6769824,181.1531842,77.39090303,5588,5596.9452,6174,5070,173.2997709,0
291.6084534,293.7499203,570.3299584,61.21910165,80.85031196,5631,5629.6176,6169,5131,168.4700738,0
523.8351928,523.0127612,751.4421524,162.5887226,80.00500985,5728,5727.882,6306,5106,179.1150772,0
544.6983409,551.3940626,886.5798042,0,81.3767612,5751,5742.5066,6263,5195,180.4570025,4
620.8572669,626.0030075,927.2065567,341.7558216,77.19317991,5630,5632.2906,6214,5192,160.7500966,0
436.0815256,438.6711343,639.2526352,154.2201352,71.57389464,5675,5672.1432,6291,5017,173.0149343,0
876.7739516,880.2634706,1120.949427,624.9305171,73.72522278,5605,5606.4862,6153,5023,153.705793,0
257.9167179,265.136871,619.7094071,50.45332471,77.62103724,5649,5652.741,6199,5203,176.5030689,0
539.0404194,538.3926381,782.7804564,274.06207,76.45356972,5621,5621.8962,6241,4965,186.1322509,0
723.4138531,721.0057983,1010.171443,132.1050702,85.7367947,5577,5576.3202,6063,5119,164.1194366,0
303.4336237,306.6824678,554.4654173,53.5027658,70.50393733,5595,5601.1922,6181,5171,158.9736213,0
305.936641,299.9528562,541.8844035,0,84.53732964,5651,5646.548,6101,5199,136.3175957,2
818.2637217,814.0975699,1094.485385,461.8766286,94.76060526,5571,5575.2112,5995,5075,164.6238919,0
683.3554504,683.9386005,918.0134152,0,79.64460427,5563,5565.4758,5983,5177,141.778375,1
271.5038525,276.1233307,529.0955919,56.58729714,79.39258118,5684,5679.3638,6358,5078,186.4545125,0
286.2448849,284.5708601,514.9711743,53.79385084,72.0362979,5610,5619.216,6194,5084,172.3900013,0
543.3537414,541.3933863,781.4988237,238.9059904,78.93699217,5658,5651.0242,6198,5150,165.5809488,0
749.0249834,744.9810133,956.827933,459.9281758,81.26485679,5743,5737.1464,6305,5141,187.7468747,0
337.1235068,337.5754051,577.7595733,131.0882872,73.0714844,5690,5696.8824,6332,5122,179.3827834,0
261.4773703,263.8156266,484.7211283,0,68.20211299,5695,5684.1208,6247,5107,187.4620404,1
416.9325873,416.7146197,658.7677918,171.8061496,84.10920236,5646,5638.8118,6144,5072,176.5389854,0
702.941357,703.8155516,953.36214,463.3818517,81.87590237,5686,5694.4678,6348,5118,197.800006,0
252.8280325,252.4908493,584.8228598,0,76.24602108,5651,5655.7796,6303,5157,166.2749296,2
595.0181279,594.4518361,838.8247708,0,83.83955389,5664,5670.7528,6308,5234,156.4327654,1
682.1776768,683.1131776,977.0874671,328.450682,86.64765888,5718,5717.4016,6244,5202,163.5687168,0
1048.422939,1048.350761,1299.440582,744.9576342,88.54068095,5503,5502.3988,5999,5107,145.6106787,0
399.6804749,402.9802852,620.3320696,202.0446513,71.85264481,5619,5604.7366,6015,5133,162.774221,0
173.5410548,181.8083168,421.9645446,0,68.04524248,5689,5682.2342,6203,4953,181.7000307,1
248.6126332,258.7415247,572.9133768,14.80242216,77.59168418,5708,5702.6814,6308,4940,181.0624028,0
617.314482,617.6551856,857.7656596,60.22765743,84.64691157,5581,5585.1346,6111,5165,153.9371011,0
376.4238596,376.2761865,660.7899834,39.00374003,78.18701201,5686,5680.482,6332,5116,186.7261237,0
431.2708002,434.7859441,696.5502476,59.70783766,71.95151973,5672,5671.2346,6258,5110,178.9803837,0
390.0931768,396.3950551,684.023162,0,84.60521936,5626,5632.1324,6228,5114,182.8701421,1
443.3820098,444.8223532,754.2639618,174.2985912,79.71628633,5653,5650.8354,6201,5085,163.8345962,0
623.4906257,627.4097414,1005.616427,191.7888325,91.1064963,5726,5732.2356,6494,5158,180.7745372,0
776.7411163,769.46948,997.9443886,37.38017058,85.1574755,5608,5611.189,6118,5178,165.0656557,0
555.7233238,552.5293562,812.8776118,0,79.79105606,5606,5606.8556,6110,5094,147.3171299,3
614.9915183,621.7645954,877.98534,124.2910075,83.8369559,5693,5686.665,6309,5139,182.8372965,0
322.1935073,326.3963364,590.0896548,113.6065627,72.13969319,5670,5672.7924,6180,5104,183.4530504,0
784.1837243,782.3827326,1042.383833,532.692873,80.11258739,5692,5691.3096,6196,5136,191.4548452,0
496.1386975,496.3769812,751.6843797,157.9458715,87.03467521,5626,5619.625,6164,5072,169.2150341,0
578.0753125,574.4730532,803.6725302,237.2650508,78.8969095,5672,5658.4206,6212,4992,171.197627,0
406.5126841,403.8077589,654.9354232,180.5343619,73.2955674,5669,5674.5104,6184,4964,179.207485,0
347.8130472,353.2418507,666.6171411,134.6815406,76.06717794,5637,5642.198,6097,5119,154.7789469,0
253.7782056,256.2679834,482.2547819,38.04931628,71.17314719,5669,5664.334,6155,5133,152.4587198,0
704.1657878,704.2620158,953.72288,0,83.57279395,5652,5647.63,6194,4916,181.6388282,1
530.3650025,532.4144936,789.8243076,353.8528608,70.28344561,5742,5750.0114,6276,5272,174.7647318,0
411.0308615,410.3763544,672.0235354,36.73388974,79.91197151,5585,5584.7754,6103,5061,154.273496,0
498.9466156,499.0628894,697.2037795,0,71.52901665,5683,5674.9782,6319,5149,174.1205902,1
564.9998012,569.0032885,851.8535619,259.1374741,79.86670343,5620,5618.7462,6060,5120,155.3454949,0
181.4938239,187.7418883,447.2716869,3.722200097,69.74869132,5640,5636.8762,6210,5030,179.2859433,0
850.7746861,848.7370613,1124.720704,0,95.0083917,5589,5585.9434,6131,4977,167.1828484,1
298.599612,300.9316133,551.6990433,91.08147512,68.93430844,5664,5642.587,6114,4996,196.4081766,0
538.2436824,540.4995137,800.0995753,0,79.82927077,5639,5632.4548,6111,5101,166.6440481,2
382.1952949,384.5053998,701.8618279,0,72.26802962,5612,5615.8248,6246,5058,164.9573439,1
294.8747468,296.4252576,627.9462384,0,78.3366748,5724,5725.6508,6258,5218,167.4704143,1
296.2137644,297.835397,613.5498188,0,80.2184226,5720,5709.91,6196,5176,163.7979386,1
602.931763,603.8790605,861.883272,325.4530894,81.12688317,5615,5614.1112,6087,5075,154.7516398,0
606.5564685,610.0531164,824.7058832,333.8413713,69.1046166,5695,5690.9794,6333,5147,174.5663105,0
251.8286548,252.8982956,520.7373431,22.03776312,72.97267117,5648,5642.1734,6098,5020,178.0639838,0
533.0170829,531.9582377,795.3158927,300.0013505,72.45420194,5682,5678.2718,6082,5056,148.1029052,0
486.2047429,487.3753877,775.0793343,200.4765132,85.76464338,5702,5703.8052,6288,5192,180.7088677,0
648.8042301,646.716819,905.4765816,243.8178448,90.54871534,5627,5623.5112,6069,5151,158.1626867,0
586.9568988,585.7779332,799.2622695,144.9540412,63.15726723,5679,5685.0468,6173,5255,163.3435601,0
585.537915,583.8929255,879.9001913,288.5339275,91.57882412,5614,5610.9836,6098,5046,167.9201707,0
455.9389887,458.1456247,694.3305553,0,76.08294475,5629,5628.1256,6163,5101,171.0785534,1
747.9812433,744.4490399,1037.489376,0,95.97710905,5645,5634.4714,6131,4977,163.4653877,1
775.9648037,776.6862172,1039.774873,427.253347,77.93972231,5650,5659.4438,6278,5168,164.3031097,0
318.9542353,319.4313989,611.0876379,99.51937359,78.03725242,5646,5645.073,6250,4940,181.9085756,0
424.7466354,428.3055343,714.6037723,0,79.68410807,5632,5641.6564,6132,5048,157.4505902,1
504.5973762,510.4677223,763.0757148,318.7844941,77.01016416,5587,5591.5366,6110,5066,177.0110868,0
903.5633213,901.8008791,1215.69064,165.8740893,81.8201801,5773,5775.7608,6397,5217,173.8506128,0
597.6854098,597.2455592,846.9581541,350.8020962,82.62048077,5757,5759.0454,6471,5129,188.8794852,0
447.2701522,448.5257385,742.2719965,0,85.34668415,5660,5658.4106,6099,5097,150.0280861,1
383.7908892,386.4181258,600.1101017,162.6234107,69.23528471,5644,5638.3216,6274,5048,171.8612131,0
251.6472365,248.8837632,481.9292113,0,71.31207426,5710,5707.6686,6246,5152,180.0058937,1
321.6130024,323.8169492,585.4417084,106.7790541,68.54543226,5640,5641.8234,6182,5128,171.8950273,0
242.9497304,242.1461944,487.6470762,8.306715487,67.40121855,5699,5694.8138,6213,5197,170.8790125,0
571.4224516,572.800632,821.1563126,345.28344,74.58648737,5590,5587.3124,6196,5026,176.4273448,0
321.4674473,317.5022002,589.2414969,69.58637776,76.22966923,5650,5653.7254,6278,5098,173.8951989,0
577.7896188,578.4397048,796.2526691,0,72.03214994,5665,5668.728,6157,5197,162.9852767,3
600.7628718,600.4277765,864.7011345,325.9384339,87.20387797,5756,5752.7202,6348,5122,201.279575,0
402.3119034,407.2367257,763.9080479,130.3499177,87.32804899,5614,5612.4214,6142,5080,190.5514409,0
335.9691864,337.9212153,602.3214163,9.557402958,73.64847025,5683,5677.5462,6147,5155,162.442912,0
230.7990381,234.1252832,509.2452994,0,64.20558129,5669,5674.0912,6181,5137,173.5344521,1
494.1398782,492.8743665,752.0670034,89.2787839,75.62047233,5623,5622.9462,6229,4991,168.3405973,0
435.4389867,434.9637371,672.2869401,197.8638305,77.08935924,5746,5731.6382,6306,5122,178.0835554,0
536.2632711,536.4715912,809.1195385,269.2632154,87.39448371,5685,5669.6778,6149,5111,165.8464741,0
349.4219368,349.352698,618.9183393,0,81.44306015,5640,5642.7996,6232,5126,193.9395427,1
149.6682135,158.3355346,369.7779886,0,66.29512159,5662,5658.6982,6116,5186,154.2448214,1
223.1215578,223.3413429,488.6500883,3.311441323,73.88506373,5674,5676.9824,6186,5182,155.5944565,0
346.0923459,352.1284258,614.9603186,55.41194883,76.55605623,5724,5723.1408,6254,5202,181.4683625,0
678.8233703,684.3376278,966.9922286,311.4021343,82.33950675,5726,5739.1922,6330,5184,181.5831332,0
368.2778724,368.1990577,585.0586081,107.7773896,76.21492184,5642,5648.3948,6196,5126,171.4070784,0
755.6463475,759.4260866,1009.351316,0,73.65392861,5723,5713.7704,6291,5071,187.8367655,1
839.0051929,835.9366386,1060.491358,383.7567029,74.49501347,5529,5526.5062,5911,5109,137.50437,0
954.1198933,956.2936671,1168.431116,491.7412131,78.84720541,5586,5587.5312,6100,5190,139.1218984,0
236.4873775,245.4779034,543.6290034,37.6735677,80.82461531,5663,5663.9898,6292,5208,159.8583632,0
517.9684246,516.0583842,760.6159479,282.2516598,74.60231301,5782,5786.9718,6352,5120,189.9416542,0
301.0799707,299.7524172,494.53096,32.32968167,68.00703035,5626,5624.1116,6052,5080,147.5164436,0
481.6243988,483.11206,769.0126384,132.4194064,83.51985147,5697,5700.0582,6399,5141,188.7817296,0
396.4812768,401.904682,651.8098618,178.8340911,79.49565712,5692,5689.3464,6160,5228,171.4561029,0
398.9286865,399.261443,633.1279469,176.538341,68.17571827,5655,5657.1222,6213,4955,159.2884474,0
623.5974617,628.5667225,842.3998098,164.8304323,55.03948229,5744,5737.9172,6260,5194,150.8603206,0
508.1741642,504.9860004,798.3292118,17.29073698,81.63977424,5708,5711.646,6246,5196,177.6653987,0
386.4250836,387.7721892,649.8427933,47.69646564,74.84437075,5670,5664.865,6122,5156,161.3310589,0
510.2469393,509.886496,743.6781872,269.329948,80.90293378,5618,5620.445,6130,5094,162.6877721,0
504.5844603,507.156377,791.1431419,296.866947,74.79210726,5661,5654.9238,6131,5197,165.4501236,0
933.4373892,934.2923387,1168.904847,713.97443,70.97291746,5635,5630.6122,6065,5089,143.1568804,0
585.8728261,581.8453362,886.176009,226.9482349,92.50604506,5681,5687.5432,6181,5215,164.0305244,0
696.7775552,708.4306422,1048.291658,344.7833245,92.47200629,5743,5746.7382,6347,5039,187.8316455,0
477.0306653,480.3291504,696.555386,0,67.50717309,5749,5733.0168,6167,5159,171.4585749,2
494.9092855,492.1129553,755.1443382,0,85.01074973,5662,5670.0016,6370,5138,177.6632027,2
348.7028009,349.9931238,588.5423624,0,71.72332191,5629,5633.704,6341,5113,176.8749671,1
380.3016665,381.0032786,639.6812896,105.6817277,71.95975501,5617,5617.9038,6271,5123,180.6854403,0
477.2886275,474.351384,714.3874342,251.8820326,69.26954866,5663,5656.4428,6147,5019,170.908394,0
647.5650109,648.4844726,885.2248973,295.4436585,81.96537106,5613,5617.6994,6119,5163,164.5439882,0
477.0256527,480.7164936,734.089036,0,73.34859717,5563,5556.0648,6043,5043,156.038651,1
535.3315027,537.5130061,821.8795196,109.4982257,78.16003884,5634,5636.8488,6238,5098,170.2752769,0
479.9373577,481.1339162,655.2268155,81.35893875,59.79313539,5652,5651.5298,6154,5026,162.645288,0
636.7785294,640.2521785,865.5973039,399.4437992,76.28588433,5588,5587.1484,6076,4986,165.4317611,0
414.5901363,412.8866887,642.0690146,152.8978136,71.68648294,5601,5601.743,6103,5073,153.208604,0
415.1252994,418.1568094,654.3067834,195.8816326,72.74071016,5651,5656.123,6145,5155,161.626008,0
309.4441924,311.1630672,559.7971261,91.06378175,76.59244598,5676,5682.1268,6270,5094,180.9218569,0
537.3620994,539.4791504,823.7059533,0,76.95022372,5566,5570.8036,6124,5046,159.5992827,1
319.3070721,319.7241959,573.6093804,76.64791528,76.60167801,5638,5631.5466,6158,4986,171.6018311,0
218.7729983,221.0996686,452.4599105,43.03535409,64.31946753,5616,5619.594,6122,5088,159.4149879,0
582.8978566,587.8534388,884.4192569,0,86.30590256,5593,5585.9882,6047,5025,156.0663854,1
456.8601131,455.0178871,700.2552688,75.9552117,81.50862316,5674,5667.411,6100,5178,166.4445009,0
426.2873562,425.5099024,644.360007,74.11921517,75.36052994,5571,5583.1284,6069,5127,175.6042241,0
261.5715085,262.6108596,500.7621098,23.03661393,71.90243766,5643,5646.6278,6185,5153,179.5954528,0
325.9002266,330.1407446,596.3714978,119.4429117,82.66601323,5710,5723.7478,6294,5256,165.8475493,0
443.3027136,449.1637982,725.4494416,190.6531804,77.71722773,5618,5623.8708,6136,4998,179.6697663,0
350.6019827,347.6227011,571.4951087,32.59201619,75.00973521,5669,5682.463,6307,5133,186.288091,0
468.8163251,469.5774732,728.2079364,37.05828316,69.97569202,5652,5651.842,6200,5190,161.2027861,0
735.3423574,736.0263233,997.9960311,0,89.44305314,5664,5664.3724,6048,5264,152.9409001,2
440.7352986,444.5351567,686.0037769,158.4975977,71.87462524,5721,5709.4562,6343,5113,195.0831994,0
365.3845297,366.1663607,661.9449587,40.036478,68.83178384,5639,5639.827,6167,5153,172.4093677,0
764.8522456,766.9202046,1011.35284,0,81.19277994,5670,5663.9252,6250,5090,161.9844487,1
531.9709348,529.7615007,781.0203016,0,80.53273306,5697,5691.4534,6267,5103,184.7627074,1
461.0038527,468.0210194,774.7574682,223.6649623,85.95852162,5650,5645.0932,6260,5114,162.3754911,0
198.9168093,200.0475997,490.7997775,2.504883937,69.77576268,5674,5670.633,6224,5136,178.6232832,0
580.3888767,578.5271961,818.1034503,244.7284703,84.32357342,5721,5721.2586,6345,5187,160.5746777,0
288.3540989,286.5917443,533.6542238,60.98084938,69.76164245,5657,5657.21,6295,5083,156.6821365,0
304.4310827,305.1894645,549.3145375,95.26267287,76.80702043,5630,5621.3842,6110,5138,159.5194395,0
711.0809376,713.154941,948.6394848,210.8910218,82.391138,5663,5660.6308,6301,5085,178.8602753,0
741.2044723,740.3283827,931.5809569,314.1536769,53.18654444,5712,5704.8622,6240,4998,194.0874551,0
845.7930074,844.2236137,1079.968584,223.3413178,83.58915036,5786,5776.3808,6258,5048,161.4191506,0
150.0783733,158.5448332,417.0939196,4.61826944,66.41231272,5651,5656.7468,6325,5121,180.0193653,0
389.8015566,387.8986286,630.2688962,0,77.45943989,5653,5646.1352,6211,5151,160.6789449,2
522.9804853,526.4041795,811.6330935,0,78.85122821,5720,5719.3608,6226,5194,173.6089612,1
656.9244837,653.6720591,907.0462814,402.1568207,79.56974219,5578,5581.4278,6022,5032,153.2040528,0
731.7277464,736.1879465,1036.031411,13.29128666,79.49327263,5536,5529.1028,6108,5026,162.0219437,0
721.9257675,723.1066351,958.3378226,107.9287344,73.42135826,5772,5773.7814,6258,5302,157.6225333,0
392.94186,394.786023,641.0889312,0,70.61509974,5632,5635.9834,6148,5136,171.4409756,2
688.0485966,686.3727247,851.8102934,470.4337469,64.30448535,5682,5684.0076,6400,5138,190.369966,0
257.9809735,261.3231938,489.0600509,70.58455849,63.95007416,5641,5637.6414,6187,4971,189.5159672,0
548.5138629,548.6027794,777.6946956,260.6203404,73.99433761,5755,5766.4188,6353,5129,197.1357233,0
504.5703123,502.4091701,769.3513139,261.41104,77.36574511,5669,5672.5534,6147,5193,161.1221802,0
465.0390868,461.8226672,661.2712321,112.8836214,69.52269114,5690,5675.8394,6248,5088,177.3252182,0
866.811386,864.3205483,1136.657082,450.4392351,84.40150248,5702,5700.39,6304,4992,185.0552628,0
552.1332805,548.7695012,785.1953703,282.0091399,80.26666836,5657,5644.4306,6155,4997,188.5208301,0
433.0137203,437.1967679,745.6746268,0,85.71144758,5665,5669.0126,6115,5225,145.178068,2
445.15706,442.6795104,677.0501282,173.7234185,73.79139234,5648,5645.2468,6180,5144,168.9591261,0
601.8566847,603.614236,854.4242112,344.1992867,83.22398704,5721,5708.4406,6379,5109,190.626427,0
629.8804218,635.7768109,913.4379832,322.9599525,101.1882083,5724,5721.7932,6394,5136,179.7351953,0
482.9102967,478.0732181,715.5229852,0,79.16269138,5666,5679.0026,6328,5130,180.8194304,1
634.6106351,640.7093872,920.156674,405.4135105,82.3498982,5674,5669.7874,6292,4954,194.4774743,0
490.5605428,490.0294335,712.3130338,249.6550102,68.24309638,5556,5561.553,6150,5038,172.2554237,0
583.3016104,577.5253535,875.6650679,0,87.92847391,5706,5705.2644,6170,5210,152.0465392,1
683.7484207,685.675207,976.9576691,402.9262626,83.19608067,5586,5583.5414,6030,5130,137.1232369,0
368.0510021,370.283508,622.4490763,43.42223614,74.1423428,5660,5640.9816,6178,5046,176.1292811,0
292.5417991,292.5107473,523.9098831,0,78.19313875,5644,5640.613,6224,5166,178.0558986,1
692.1859047,693.7074986,982.1267217,0,74.64339429,5679,5684.2918,6372,5162,179.0831339,1
683.2506794,677.9795458,916.1578765,25.54939174,84.52879575,5684,5683.8484,6246,5178,181.6703064,0
565.0962116,571.1263355,851.2022926,0,86.13121652,5708,5711.4638,6250,5102,186.2298432,1
595.2209065,598.6068718,830.0963782,155.7449712,68.30695609,5681,5674.1248,6309,5103,168.9109269,0
622.2310768,616.0597322,863.3846261,389.2781074,76.85572481,5663,5670.9974,6173,5179,158.9008181,0
677.7620797,679.6689061,934.3270529,359.8131358,80.80286828,5595,5603.0412,6145,5169,155.9094709,0
453.2439764,450.2629483,674.9316394,0,72.87015666,5664,5665.4596,6236,5016,191.3406469,1
777.6460886,780.3409063,1132.973475,168.1864993,81.99756766,5639,5642.2238,6119,5057,174.2403062,0
270.1148234,272.9639216,497.1098365,0,68.32436195,5652,5656.4434,6233,4969,180.568793,1
361.5762099,359.4197258,634.3328466,74.34065502,84.3954065,5677,5674.6434,6181,5169,155.8620019,0
690.2250613,693.6511273,941.5891573,266.9845801,72.1401494,5630,5629.545,6314,5114,176.135772,0
187.0596291,190.8953939,423.8983646,0,60.37155069,5624,5643.1768,6250,5140,169.808141,2
294.2573641,293.976895,522.3273973,45.06074131,75.34934428,5687,5694.2906,6205,5183,175.4146823,0
289.6038757,291.682429,542.4721142,0,68.37474862,5665,5671.2018,6235,5087,188.3929459,1
309.7807702,314.4271237,572.3347785,52.63251447,79.80785645,5696,5704.3592,6222,5236,148.5214832,0
535.3398985,537.2480021,816.7751059,127.1658553,75.74133331,5695,5689.199,6205,5035,176.6966666,0
395.7141414,393.8794921,612.5378089,135.0625236,81.27116952,5657,5653.6478,6273,4999,193.2011096,0
282.6653777,287.1050096,541.958419,0,76.18178643,5701,5698.5012,6225,5017,189.5133578,1
433.0549511,441.873867,705.531231,33.73513803,77.59689071,5664,5665.2132,6170,5170,154.4337429,0
560.5206279,564.8722463,918.3102656,290.2554886,95.23649868,5618,5622.2016,6180,5146,155.9575665,0
317.4493128,319.8199288,569.2743498,109.5207224,70.76158691,5707,5711.0816,6409,5161,184.5654088,0
449.2786619,447.8442786,675.798871,207.9396636,75.75949522,5706,5704.8978,6284,5234,165.889621,0
453.3334278,460.1667401,715.9335862,35.04344369,76.44542975,5727,5721.2136,6221,5149,177.4448917,0
620.7271913,623.0785781,874.9533262,234.2105125,72.86059804,5575,5580.5808,6131,4979,180.6669762,0
447.2261396,447.2621323,694.1750376,73.65726559,68.55218698,5613,5612.5772,6155,5187,162.3138677,0
260.7327407,262.2579874,513.1706933,0,73.21157891,5637,5646.6744,6269,5109,168.7473294,1
351.7020618,351.78736,546.4271515,0,71.06770457,5676,5680.7136,6214,4986,168.6708949,1
597.7707427,597.1786259,849.6111906,98.05962046,88.8787895,5681,5688.8834,6357,5069,175.9569118,0
529.5477089,528.2179994,813.3945459,157.8595675,79.89348318,5736,5723.1112,6300,5064,154.4358832,0
377.8497011,380.8067143,653.4385448,129.167683,77.03646897,5641,5639.6948,6089,5165,159.0349938,0
321.0258163,324.5646172,566.7642537,0,72.90008096,5594,5599.2946,6188,5030,172.6567427,2
439.7150966,441.8975005,711.9201662,0,78.92481742,5728,5720.7346,6284,5102,172.3017631,1
810.9167023,810.9319361,1047.954265,263.1869392,80.03223331,5571,5578.1344,5993,5133,152.8219707,0
523.8595169,525.4245119,821.8597617,262.5409086,91.22999368,5764,5764.4394,6278,5070,175.1839448,0
197.5699845,198.3079376,410.8995219,0,63.89231416,5662,5663.7284,6242,5120,165.9070554,1
361.5000888,360.4969815,641.2985851,0,78.35369195,5626,5627.9742,6110,5122,145.1736193,1
697.7107639,699.3555673,954.9677644,237.1551485,77.71188256,5625,5626.3408,6109,5087,153.4056552,0
437.3389743,439.9171247,693.3125509,114.7108063,77.1949789,5674,5672.2182,6168,5176,163.1222584,0
779.0165678,777.2995742,1044.252832,511.6008551,81.93383254,5689,5671.9494,6213,5039,185.999191,0
377.441292,380.7322586,589.6578995,187.4066005,68.1264657,5712,5716.1862,6272,5174,178.8820487,0
486.5559639,485.9976343,757.4373256,246.7458729,81.23397662,5715,5718.6438,6247,5137,163.0865535,0
297.6828325,302.4600759,681.3708257,67.13955467,83.41411284,5663,5660.1398,6187,5063,182.1052851,0
617.5473761,618.9000267,893.0617222,306.4309184,88.52071443,5720,5728.4558,6324,5084,186.4215949,0
699.430922,697.3779635,935.3976459,211.858411,71.34077562,5660,5655.7838,6212,5072,187.9362106,0
368.9388004,371.6442916,643.6332116,48.18064375,72.74718873,5680,5684.354,6386,5036,185.5911234,0
444.4562638,443.5099087,627.5546932,0,70.20045578,5713,5710.2826,6299,5201,164.9113342,3
681.1864791,678.6705907,852.2359603,249.2808776,57.8103985,5582,5571.1424,5906,4972,141.8551843,0
437.023895,435.7842893,648.3703215,27.73458009,73.4585404,5591,5578.8208,6107,4949,170.8175304,0
566.9049405,570.7960189,867.4879303,319.0880153,80.74241525,5702,5684.0726,6278,5132,190.6667352,0
341.5173841,344.4646861,581.2297505,12.12910565,73.35773426,5645,5634.8998,6151,5085,169.6901528,0
677.1603206,676.6480701,926.025961,366.0330948,75.91212418,5711,5720.8012,6253,5157,167.1328755,0
651.0952599,649.1529592,853.8304023,438.3305926,65.66710937,5701,5705.3814,6243,5153,153.2180973,0
751.8281909,752.7722255,1030.674862,432.1147052,96.58173774,5738,5742.1144,6286,5166,179.9629421,0
596.7572755,597.0692638,866.4938183,369.9377042,84.18858878,5706,5699.6716,6298,5098,180.3175426,0
584.5483357,586.7906649,896.4190329,328.5120321,85.02858161,5707,5710.0188,6301,5153,181.1154517,0
747.8841896,748.7363968,999.3880782,458.7594667,76.16102264,5702,5713.696,6300,5096,188.5263175,0
972.5428653,971.3498921,1180.919427,762.5115176,72.02774703,5609,5614.305,6319,4985,195.8775857,0
333.4712735,337.5802764,605.9234839,6.593791524,76.77005269,5653,5653.0922,6315,5195,166.6422104,0
532.3605592,535.3051266,795.9928686,24.01119704,78.16250755,5641,5646.3398,6247,5055,170.5260465,0
548.9135206,550.5544915,859.4875432,176.4244953,76.57520481,5709,5695.4824,6195,5057,181.5177283,0
544.4368064,542.0246284,808.5642706,293.8841941,77.23277848,5599,5602.6098,6123,5101,177.9373714,0
345.3104121,346.0151579,584.6069619,88.83869868,75.53442723,5713,5708.7606,6285,5217,169.8108003,0
460.5303464,457.4356927,716.2841584,30.06691788,70.08959501,5638,5650.083,6156,5046,180.0399087,0
271.3166196,276.2527442,551.5676103,73.94045493,80.67087173,5650,5641.4264,6274,4956,203.9942582,0
574.9746976,577.3370181,833.9568064,0,73.35591748,5651,5660.3354,6329,5159,183.0817137,1
586.8036712,592.665966,817.885061,0,69.54029885,5751,5746.2778,6297,5169,163.8938694,1
635.6019815,642.0042665,950.6530602,431.0932218,80.62024367,5712,5709.6816,6324,5138,179.341253,0
580.2946174,581.1716068,967.0968774,331.0546385,80.84888157,5653,5655.4466,6173,5077,167.7439744,0
367.9538011,367.3759631,598.6753253,88.03489273,71.52336699,5669,5669.7686,6237,5231,159.7052562,0
585.6389573,585.4250518,823.6047301,260.9105002,72.15932221,5580,5580.6326,6058,5088,163.8552856,0
475.0455166,477.2646611,742.3614149,203.1030428,74.97462543,5647,5643.689,6129,5089,178.0875023,0
236.2885389,239.4811485,492.6272853,31.02737467,66.77455417,5657,5648.5682,6237,5135,172.3189239,0
190.1372621,193.5402347,440.5352098,3.38971992,64.32651187,5637,5645.6522,6147,5185,165.2562563,0
393.72493,396.0262108,643.9722947,107.572074,79.76477354,5642,5640.866,6210,5086,184.8809661,0
692.9693234,689.2852432,949.3411422,268.0844067,77.43546078,5667,5668.1568,6179,5173,166.1696657,0
242.938775,244.905193,462.3540007,44.11301666,72.50403404,5644,5634.6038,6120,5100,164.6532812,0
307.1093202,309.9468856,601.6320314,61.12382209,77.95943545,5691,5682.3548,6277,5087,185.6419169,0
340.8001839,344.018314,657.2041707,0,92.09278422,5619,5621.3918,6119,5097,172.9348863,1
356.2726979,354.455572,600.5730869,20.84996917,73.87424027,5611,5598.6486,6059,5087,159.5106997,0
148.4788629,153.9006594,402.827517,5.052438113,65.84716761,5664,5665.95,6370,5134,185.4498679,0
681.3621896,680.9094975,909.8863484,304.0454558,70.73100676,5653,5657.8506,6225,5139,157.587779,0
540.6590609,537.3601206,838.3237962,271.4587303,81.59231193,5580,5578.0196,6156,5062,146.1530609,0
390.2585943,389.5648932,686.8107527,144.1262234,87.54218013,5664,5668.2226,6388,5112,181.5703843,0
736.1662667,738.6822555,1000.441178,129.3886568,78.03633953,5669,5668.4296,6243,5207,159.76456,0
663.2544983,660.1455814,922.4135965,327.3871012,84.42486458,5609,5606.5252,6133,5131,169.898914,0
374.1121238,375.1108252,606.8429471,195.7905499,66.09464598,5701,5700.0962,6165,5149,160.99616,0
176.1780555,180.5572045,410.5051835,0.623252891,67.82368822,5659,5657.3476,6167,5095,174.7627626,0
322.1891921,324.3795166,571.2020993,107.710018,76.37309938,5696,5693.9876,6306,5118,183.2492637,0
641.3462598,637.266345,921.7787861,92.02016767,91.1898428,5571,5572.022,6045,5141,145.6068636,0
532.5675822,530.6123716,879.0991186,261.6477953,87.96257428,5653,5654.6966,6207,5181,168.4290223,0
639.6004022,640.6962915,937.4317143,85.58773856,88.03177822,5659,5653.7044,6163,5133,157.4632802,0
427.0629686,428.9526169,642.3724433,198.2257473,75.17172184,5700,5692.0516,6224,5110,168.3154673,0
525.7688984,531.7041637,754.373736,0,74.42663404,5642,5636.1148,6106,5146,154.1701956,1
488.9797566,491.5444878,758.494469,0,78.56462364,5618,5616.0012,6174,5098,176.1870733,2
349.6169023,349.9919893,594.4225484,71.77273928,72.74524818,5675,5684.0194,6173,5139,186.4921822,0
602.5081026,603.7725849,882.2656814,237.6282846,89.033826,5649,5642.4088,6227,5025,166.5741759,0
634.0824112,638.9565597,878.1865644,430.1638688,81.08498174,5629,5630.5578,6077,4991,166.677238,0
324.1042651,315.1667382,582.8851012,42.16890598,76.72759684,5705,5705.5088,6291,5099,185.3667163,0
396.2398271,393.7310824,595.1337036,176.092785,65.93556273,5699,5704.2452,6219,5103,171.4492854,0
689.2293144,692.5254216,938.5501478,117.2208717,62.00611285,5771,5770.5488,6449,5185,197.606084,0
446.1000568,446.0702144,752.4566085,100.399831,85.22604604,5737,5737.1684,6279,5223,174.4502876,0
564.3853888,571.6269987,870.7958675,344.4606991,83.95893639,5685,5678.9476,6341,5065,168.9019019,0
648.1548585,649.0483198,895.3113255,325.1626277,78.823517,5771,5781.4188,6399,5109,183.8011638,0
303.9042471,304.7360441,517.7600012,42.48096245,71.21163856,5674,5665.1556,6140,5072,170.9048758,0
529.8925729,532.2705281,765.6952967,102.0293915,75.65192396,5582,5580.3918,6226,5082,163.8127385,0
395.4213129,397.3798029,694.9171537,90.24471011,85.8804701,5663,5670.3742,6169,5203,155.7198843,0
343.1291235,342.9084394,612.2429232,84.48299834,74.3331744,5700,5708.6766,6186,5246,164.0250402,0
340.1429025,346.1374811,640.8205282,0,66.90734398,5657,5659.6982,6309,5231,169.0118461,1
275.2503542,279.1104708,499.5652128,18.90852266,69.97904024,5649,5638.5598,6253,5083,177.1176339,0
308.2122467,307.4538296,532.0921145,38.02731076,75.41497201,5616,5614.2286,6136,4914,171.5746302,0
1116.795292,1121.62095,1352.696869,418.6670344,74.62125539,5501,5507.9066,6017,5013,134.486068,0
798.2126074,793.9334372,1053.806666,378.1174142,88.64446782,5648,5648.8378,6250,5048,177.6728074,0
829.6540586,830.7550653,1051.533725,164.8598929,79.46108809,5714,5707.9698,6320,4982,190.6159539,0
652.7699945,647.3751712,891.6710361,329.5648178,79.37961016,5733,5726.6552,6285,5035,192.9027494,0
456.3986102,458.4530605,729.0653076,238.3362675,75.45497478,5648,5639.608,6122,5146,160.9277873,0
302.4001426,303.0754733,534.3898479,0,63.1831328,5721,5713.529,6205,5031,176.1503714,2
294.4688872,294.4934509,487.4185293,88.92304951,71.10803495,5661,5662.2366,6367,4955,206.26361,0
247.8909204,250.3725905,476.5712847,0,71.90339695,5657,5663.129,6213,5119,176.8664438,1
732.4259117,735.1324995,999.9721576,260.3480279,78.11281857,5617,5614.466,6071,5091,145.7824861,0
448.8973574,450.2936023,720.673378,197.089262,74.47924587,5654,5653.9508,6144,5118,167.7130334,0
478.1579647,483.3820393,781.2742328,132.4821468,76.10539703,5620,5630.081,6158,5166,181.1061022,0
647.4679705,645.653147,892.5173374,96.32783244,80.56706281,5593,5584.5474,6089,5051,178.7706429,0
476.8570318,472.8974599,684.9133946,205.1449169,80.54020497,5676,5669.0636,6078,5178,155.8964373,0
390.457549,389.0259474,655.9506419,95.41902476,85.02178642,5618,5614.161,6128,5036,170.7317993,0
423.9828171,425.1656525,683.8180288,27.85152757,71.87453877,5699,5700.428,6297,5091,184.8932839,0
312.7111008,319.0904196,641.2711512,0,83.60727755,5700,5693.8214,6228,5068,187.0932572,1
356.7713653,357.9641298,693.5554178,121.8278823,79.88097958,5648,5658.8708,6268,5042,170.2504323,0
612.1541953,612.3153969,837.0412707,373.1980184,71.41832385,5676,5683.75,6284,5244,161.8432275,0
395.441971,394.1429775,641.8774932,110.417666,84.32878118,5628,5630.5596,6142,5080,168.7688989,0
610.9236312,610.195731,816.9399375,160.6240197,66.97844465,5691,5691.4152,6225,5275,151.3161578,0
832.1046391,834.5708391,1098.629392,571.6096236,92.65212744,5808,5810.9862,6416,5236,191.1124523,0
310.0060067,312.9821265,599.0973777,66.65392624,80.87705348,5728,5701.2994,6254,5126,187.5291678,0
836.4871425,837.6579891,1079.277693,376.8859953,82.10480786,5602,5593.3672,6192,5020,195.3065149,0
402.3630201,404.0228602,688.4683113,140.1076999,77.35685793,5667,5665.035,6191,5137,180.6280022,0
769.7279957,767.0349742,1032.875572,337.8312867,81.75568438,5646,5639.2028,6120,5170,164.3151523,0
358.162094,361.6106305,619.2303798,0,78.74667155,5716,5713.0726,6406,5136,188.9075253,2
588.4919895,585.0972951,832.3396112,179.3778006,84.33299083,5687,5691.5504,6147,5091,167.4613253,0
366.4937542,368.7632997,620.3828044,0,69.32611149,5686,5688.9722,6318,5200,175.9004265,1
297.2205732,298.569917,524.8425535,45.66584369,76.08458476,5637,5634.1454,6331,4921,180.505835,0
390.9957654,390.0857843,667.3702889,140.6293734,80.91737767,5656,5645.1562,6126,5022,168.9317365,0
372.6126303,375.7798157,748.7698336,100.8177725,95.82577642,5743,5745.7954,6313,5279,160.1354019,0
559.074991,563.4281487,813.9074929,0,77.54710084,5697,5685.9038,6401,5173,179.0259455,3
528.3060491,530.4889787,778.9150399,132.3150391,79.6371353,5670,5667.9156,6262,5056,180.967447,0
374.3773225,373.7755919,630.698691,0,74.60953799,5681,5677.7852,6211,5171,162.8902608,1
339.1748938,343.5775602,615.6930503,108.8646343,73.37710077,5690,5705.9926,6298,5230,170.5550807,0
404.3235714,407.6624487,672.4695914,0,69.2999454,5735,5732.5546,6321,5099,176.7704603,1
431.3684124,433.0282446,704.9973541,186.3308412,75.60725271,5717,5715.6288,6273,5229,161.6660255,0
456.2103517,457.1153453,708.8069337,0,76.24805714,5647,5646.1946,6193,5041,162.5080396,1
298.3184638,300.4232193,587.1907321,26.96166592,77.85445134,5636,5635.0902,6192,5080,160.7042298,0
701.0167325,701.0971184,1003.309245,213.5273663,78.48205908,5562,5560.9478,5966,5044,129.9422875,0
841.7823966,845.9528437,1126.549624,356.9535557,82.76155539,5673,5673.2788,6139,5203,148.8100718,0
428.9425914,430.477475,720.8286315,116.6736903,84.57734516,5622,5620.2032,6038,5116,150.5343028,0
499.9201148,500.1264205,767.9755268,254.1106328,83.68732452,5743,5731.3372,6503,4997,215.0576516,0
581.3590889,585.2650079,961.1217905,332.7361095,80.57989684,5731,5738.9522,6275,5209,144.8397284,0
262.7529991,261.4365978,508.9646098,59.40342906,73.55340556,5637,5639.7568,6239,5107,167.1626706,0
234.4249632,238.0735068,493.3594344,24.92598723,73.67895381,5707,5711.3396,6343,5085,189.9795122,0
412.3000097,412.5696075,658.3198957,143.2286528,82.76392977,5694,5705.8648,6382,5210,185.6831584,0
401.9554231,404.6870097,611.4639824,210.6489061,66.1845799,5729,5734.5036,6385,5209,164.2290132,0
524.6601823,530.5526181,803.5370818,219.4213325,86.69632624,5662,5662.101,6260,4976,174.3113921,0
366.9890216,372.4593547,608.2273069,192.2419951,60.03178375,5593,5591.1122,6037,5149,155.1061798,0
383.217808,381.3044615,607.0906932,159.7677714,72.32147794,5645,5645.2286,6175,5201,169.2595124,0
309.0577503,310.7531774,580.1253611,30.77228824,67.58909081,5653,5645.765,6149,5089,173.125217,0
677.8274008,680.2724482,925.1106034,23.27108564,81.41974639,5666,5671.866,6214,5116,172.3415413,0
234.6755247,237.2295823,461.4004475,21.25064902,74.41597581,5722,5716.4866,6296,5154,168.0892109,0
593.5915486,597.8859123,832.6457427,378.9414695,76.32336118,5720,5727.4524,6272,5096,177.7412033,0
medianCap,meanCap,maxiCap,miniCap,devCap,mediancost,meancost,maxicost,minicost,devcost,solutions
490.0746252,491.2252371,749.2406794,153.0169912,77.0931994,5663.423,5662.674246,6206.1,5108.92,170.8407923,0.314
